"------------------------------------------------------------------------------------------"
"  Daily average CO2 concentrations (ppm) derived from flask air samples"
"  For Alert, NWT, Canada: Latitude 82.3N Longitude 62.3W Elevation 210m"
"                                                                                           "
"   Source: R. F. Keeling, S. C. Piper, A. F. Bollenbacher and S. J. Walker                 "
"   Scripps CO2 Program ( http://scrippsco2.ucsd.edu )                                      "
"   Scripps Institution of Oceanography (SIO)                                               "
"   University of California                                                                "
"   La Jolla, California USA 92093-0244                                                     "
"                                                                                           "
"   Status of data and correspondence:                                                      "
"                                                                                           "
"   These data are subject to revision based on recalibration of standard gases. Questions  "
"   about the data should be directed to Dr. Ralph Keeling (rkeeling@ucsd.edu) and          "
"   and Dr. Stephen Piper (scpiper@popmail.ucsd.edu), Scripps CO2 Program.                  "
"                                                                                           "
"Flask data in this from archive dated 2019-11-20 14:23:02                                  "
"                                                                                           "
"-------------------------------------------------------------------------------------------"
"                                                                                           "
"   Please cite as:                                                                         "
"                                                                                           "
"   C. D. Keeling, S. C. Piper, R. B. Bacastow, M. Wahlen, T. P. Whorf, M. Heimann, and     "
"   H. A. Meijer, Exchanges of atmospheric CO2 and 13CO2 with the terrestrial biosphere and "
"   oceans from 1978 to 2000.  I. Global aspects, SIO Reference Series, No. 01-06, Scripps  "
"   Institution of Oceanography, San Diego, 88 pages, 2001.                                 "
"                                                                                           "
"   If it is necessary to cite a peer-reviewed article, please cite as:                     "
"                                                                                           "
"   C. D. Keeling, S. C. Piper, R. B. Bacastow, M. Wahlen, T. P. Whorf, M. Heimann, and     "
"   H. A. Meijer, Atmospheric CO2 and 13CO2 exchange with the terrestrial biosphere and     "
"   oceans from 1978 to 2000: observations and carbon cycle implications, pages 83-113,     "
"   in 'A History of Atmospheric CO2 and its effects on Plants, Animals, and Ecosystems',   "
"   editors, Ehleringer, J.R., T. E. Cerling, M. D. Dearing, Springer Verlag,               "
"   New York, 2005.                                                                         "
"                                                                                           "
"-------------------------------------------------------------------------------------------"
"   Sampling dates are reported in 3 formats: Year, Month, Day, Hour and Minute"
"                                             M$Excel spreadsheet date format"
"                                             Decimal year and fractional year"
" N   - Number of flasks used in daily average"
""
"                                                                                           "
" FGC -   CO2 Flags                                                                         "
"  -3 - Potentially Suspect Data Accepted                                                   "
"  -2 - Accepted value from continuous analyzer replacing flask data                        "
"  -1 - Accepted flask value retained although individual measurements deviated             "
"       by more than selected tolerance                                                     "
"   0 - Accepted flask value                                                                "
"   1 - Rejected during analysis                                                            "
"   2 - Rejected unacceptably large flask-analyzer differences associated                   "
"                with night sampling (used only at MLO between Dec 1962 and Sep 1968)       "
"   3 - Rejected flask measurement; used continuous data instead                            "
"   4 - Rejected Replicates do not agree to selected tolerance or single flask              "
"   5 - Rejected Daily average deviates from fit by more than 3 standard deviations         "
"   6 - Rejected to improve local distribution of data such as too many                     "
"                data of generally poor quality (used only at two stations:                 "
"                KUM Aug 1979 - Jun 1980 and LJO Apr 1979 - Sep 1985)                       "
"   7 - Rejected Unsteady air at site (La Jolla only)                                       "
"   8 - Rejected manually (see input/flag_flasks.csv)                                       "
"   9 - Rejected legacy data                                                                "
"                                                                                           "
"   Sample,Sample,    Excel,   Sample, NC,FGC,      Cx"
"     Date,  Time,     Date,     Date,"
1985-05-06, 19:43, 31173.82, 1985.345,  2,  0, 352.34
1985-05-13, 00:00, 31180.00, 1985.362,  2,  0, 353.05
1985-05-20, 19:27, 31187.81, 1985.383,  2,  0, 352.84
1985-05-27, 18:29, 31194.77, 1985.402,  2,  4, 352.12
1985-06-03, 18:29, 31201.77, 1985.421,  2,  4, 352.29
1985-06-10, 18:05, 31208.75, 1985.440,  2,  0, 348.80
1985-06-24, 19:08, 31222.80, 1985.479,  2,  4, 350.56
1985-07-01, 19:00, 31229.79, 1985.498,  2,  4, 349.67
1985-07-08, 21:14, 31236.88, 1985.517,  2,  0, 344.97
1985-07-15, 19:17, 31243.80, 1985.536,  2,  0, 343.52
1985-07-22, 19:13, 31250.80, 1985.556,  2,  4, 341.99
1985-07-29, 19:23, 31257.81, 1985.575,  2,  0, 340.07
1985-08-26, 15:28, 31285.64, 1985.651,  1,  4, 337.33
1985-09-02, 15:02, 31292.63, 1985.670,  2,  0, 337.54
1985-09-10, 15:03, 31300.63, 1985.692,  2,  0, 338.93
1985-09-16, 15:24, 31306.64, 1985.709,  2,  0, 338.64
1985-09-23, 14:50, 31313.62, 1985.728,  2,  0, 339.04
1985-09-30, 15:19, 31320.64, 1985.747,  2,  4, 345.43
1985-10-07, 15:07, 31327.63, 1985.766,  1,  4, 340.12
1985-10-14, 15:20, 31334.64, 1985.785,  2,  0, 343.75
1985-10-21, 14:56, 31341.62, 1985.804,  2,  0, 343.26
1985-10-28, 15:40, 31348.65, 1985.824,  2,  0, 344.09
1985-11-04, 16:45, 31355.70, 1985.843,  2,  0, 345.80
1985-11-12, 20:50, 31363.87, 1985.865,  1,  4, 349.34
1985-12-02, 16:12, 31383.68, 1985.920,  2,  0, 347.29
1985-12-10, 15:37, 31391.65, 1985.942,  2,  4, 348.21
1985-12-16, 15:53, 31397.66, 1985.958,  2,  0, 352.73
1985-12-23, 15:19, 31404.64, 1985.977,  2,  0, 349.88
1985-12-30, 15:38, 31411.65, 1985.996,  2,  0, 351.52
1986-01-06, 15:31, 31418.65, 1986.015,  2,  4, 350.88
1986-01-14, 15:45, 31426.66, 1986.037,  2,  4, 358.49
1986-01-20, 15:23, 31432.64, 1986.054,  2,  0, 351.29
1986-01-27, 15:18, 31439.64, 1986.073,  2,  4, 355.20
1986-02-03, 14:55, 31446.62, 1986.092,  2,  4, 353.28
1986-02-10, 16:22, 31453.68, 1986.111,  2,  0, 352.57
1986-02-17, 15:28, 31460.64, 1986.131,  2,  4, 354.87
1986-02-24, 16:13, 31467.68, 1986.150,  2,  0, 350.82
1986-03-03, 15:37, 31474.65, 1986.169,  2,  0, 353.67
1986-03-10, 16:31, 31481.69, 1986.188,  1,  4, 351.77
1986-03-17, 15:32, 31488.65, 1986.207,  2,  0, 352.98
1986-03-25, 19:42, 31496.82, 1986.230,  1,  4, 352.30
1986-03-31, 16:18, 31502.68, 1986.246,  2,  0, 351.85
1986-04-07, 17:02, 31509.71, 1986.265,  2,  0, 353.14
1986-04-14, 16:27, 31516.69, 1986.284,  2,  0, 353.01
1986-04-21, 11:53, 31523.50, 1986.303,  2,  0, 353.16
1986-04-28, 15:13, 31530.63, 1986.322,  2,  4, 354.78
1986-05-05, 15:03, 31537.63, 1986.341,  2,  4, 353.87
1986-05-12, 17:54, 31544.75, 1986.361,  2,  4, 353.69
1986-05-19, 15:52, 31551.66, 1986.380,  2,  0, 353.67
1986-05-26, 15:45, 31558.66, 1986.399,  1,  4, 353.89
1986-06-02, 15:10, 31565.63, 1986.418,  1,  4, 352.80
1986-06-09, 15:59, 31572.67, 1986.437,  2,  0, 352.53
1986-06-16, 16:09, 31579.67, 1986.457,  2,  0, 351.00
1986-06-23, 14:57, 31586.62, 1986.476,  2,  0, 351.10
1986-06-30, 15:15, 31593.64, 1986.495,  2,  0, 349.26
1986-07-07, 15:40, 31600.65, 1986.514,  2,  0, 349.26
1986-07-14, 15:40, 31607.65, 1986.533,  2,  0, 347.74
1986-07-21, 15:01, 31614.63, 1986.552,  1,  4, 343.22
1986-07-28, 15:40, 31621.65, 1986.572,  2,  0, 343.15
1986-08-04, 15:52, 31628.66, 1986.591,  2,  0, 342.12
1986-09-01, 15:27, 31656.64, 1986.668,  2,  0, 339.15
1986-09-08, 16:57, 31663.71, 1986.687,  1,  4, 340.13
1986-09-15, 16:52, 31670.70, 1986.706,  1,  4, 339.43
1986-09-22, 15:35, 31677.65, 1986.725,  2,  0, 339.46
1986-09-29, 16:26, 31684.68, 1986.744,  2,  0, 341.39
1986-10-06, 15:26, 31691.64, 1986.763,  2,  4, 342.13
1986-10-20, 15:12, 31705.63, 1986.802,  2,  0, 344.56
1986-10-27, 16:14, 31712.68, 1986.821,  2,  0, 346.63
1986-11-03, 17:08, 31719.71, 1986.840,  2,  0, 349.15
1986-11-10, 17:08, 31726.71, 1986.859,  2,  0, 347.64
1986-11-17, 17:21, 31733.72, 1986.879,  2,  0, 348.22
1986-11-24, 16:34, 31740.69, 1986.898,  2,  0, 348.89
1986-12-01, 17:55, 31747.75, 1986.917,  2,  0, 348.34
1986-12-08, 14:53, 31754.62, 1986.936,  2,  0, 349.01
1986-12-15, 14:01, 31761.58, 1986.955,  2,  0, 349.51
1986-12-22, 13:40, 31768.57, 1986.974,  2,  0, 350.09
1986-12-29, 14:56, 31775.62, 1986.993,  2,  0, 350.31
1987-01-06, 14:06, 31783.59, 1987.015,  2,  0, 350.94
1987-01-13, 14:09, 31790.59, 1987.034,  3,  0, 352.15
1987-01-19, 17:44, 31796.74, 1987.051,  2,  0, 351.15
1987-01-26, 14:16, 31803.59, 1987.070,  2,  4, 350.94
1987-02-02, 13:51, 31810.58, 1987.089,  2,  4, 355.72
1987-02-09, 14:01, 31817.58, 1987.108,  2,  0, 352.18
1987-02-16, 14:22, 31824.60, 1987.128,  2,  0, 352.20
1987-02-23, 14:00, 31831.58, 1987.147,  2,  4, 354.12
1987-03-02, 13:49, 31838.58, 1987.166,  2,  4, 352.67
1987-03-09, 14:00, 31845.58, 1987.185,  2,  0, 353.50
1987-03-16, 13:59, 31852.58, 1987.204,  2,  0, 354.18
1987-03-23, 14:02, 31859.58, 1987.224,  2,  0, 354.00
1987-03-30, 13:58, 31866.58, 1987.243,  2,  0, 354.66
1987-04-06, 13:58, 31873.58, 1987.262,  2,  0, 353.64
1987-04-13, 13:59, 31880.58, 1987.281,  2,  0, 353.66
1987-04-20, 14:00, 31887.58, 1987.300,  1,  4, 354.25
1987-04-27, 14:04, 31894.59, 1987.319,  2,  4, 354.78
1987-05-04, 14:00, 31901.58, 1987.339,  2,  0, 354.75
1987-05-25, 14:00, 31922.58, 1987.396,  2,  0, 354.38
1987-06-01, 14:00, 31929.58, 1987.415,  2,  0, 353.62
1987-06-08, 14:00, 31936.58, 1987.434,  2,  0, 353.30
1987-06-15, 14:00, 31943.58, 1987.454,  2,  0, 352.21
1987-06-22, 14:00, 31950.58, 1987.473,  2,  0, 352.75
1987-06-29, 14:00, 31957.58, 1987.492,  2,  0, 351.57
1987-07-06, 14:00, 31964.58, 1987.511,  2,  0, 350.59
1987-07-13, 14:00, 31971.58, 1987.530,  2,  0, 348.66
1987-07-20, 14:00, 31978.58, 1987.550,  2,  0, 347.66
1987-07-27, 14:00, 31985.58, 1987.569,  2,  0, 345.16
1987-08-03, 14:00, 31992.58, 1987.588,  2,  0, 343.28
1987-08-10, 14:01, 31999.58, 1987.607,  2,  0, 341.72
1987-08-17, 14:00, 32006.58, 1987.626,  2,  0, 341.70
1987-08-24, 14:00, 32013.58, 1987.645,  2,  0, 340.90
1987-08-31, 14:00, 32020.58, 1987.665,  2,  0, 339.24
1987-09-07, 14:00, 32027.58, 1987.684,  1,  4, 339.57
1987-09-14, 14:03, 32034.59, 1987.703,  2,  0, 341.17
1987-09-21, 13:59, 32041.58, 1987.722,  2,  0, 341.55
1987-09-28, 14:01, 32048.58, 1987.741,  2,  0, 341.40
1987-10-05, 14:02, 32055.58, 1987.761,  2,  0, 344.86
1987-10-12, 14:00, 32062.58, 1987.780,  2,  4, 346.30
1987-10-19, 14:01, 32069.58, 1987.799,  2,  4, 348.16
1987-10-26, 15:02, 32076.63, 1987.818,  2,  0, 347.59
1987-11-02, 14:03, 32083.59, 1987.837,  2,  4, 348.56
1987-11-09, 14:02, 32090.58, 1987.856,  2,  4, 350.71
1987-11-16, 14:01, 32097.58, 1987.876,  2,  4, 351.64
1987-11-23, 14:01, 32104.58, 1987.895,  2,  0, 350.17
1987-11-30, 14:02, 32111.58, 1987.914,  2,  0, 350.93
1987-12-07, 14:12, 32118.59, 1987.933,  2,  0, 352.68
1987-12-14, 14:34, 32125.61, 1987.952,  2,  0, 352.93
1987-12-21, 16:45, 32132.70, 1987.972,  2,  0, 353.66
1987-12-28, 14:26, 32139.60, 1987.991,  2,  0, 351.92
1988-01-04, 14:01, 32146.58, 1988.010,  2,  0, 351.93
1988-01-11, 19:46, 32153.82, 1988.030,  2,  0, 354.13
1988-01-18, 17:49, 32160.74, 1988.048,  2,  0, 356.29
1988-01-25, 17:39, 32167.74, 1988.068,  2,  0, 354.25
1988-02-01, 14:11, 32174.59, 1988.086,  2,  0, 355.84
1988-02-08, 14:05, 32181.59, 1988.105,  2,  0, 356.69
1988-02-15, 14:08, 32188.59, 1988.125,  2,  0, 354.88
1988-02-22, 14:01, 32195.58, 1988.144,  2,  0, 354.84
1988-02-29, 14:07, 32202.59, 1988.163,  2,  0, 355.43
1988-03-07, 14:02, 32209.58, 1988.182,  2,  0, 355.75
1988-03-14, 15:30, 32216.65, 1988.201,  2,  0, 355.70
1988-03-21, 14:01, 32223.58, 1988.220,  2,  0, 356.05
1988-03-28, 14:01, 32230.58, 1988.239,  2,  0, 357.74
1988-04-04, 14:02, 32237.58, 1988.258,  2,  0, 357.50
1988-04-12, 14:02, 32245.58, 1988.280,  2,  0, 357.07
1988-04-25, 14:05, 32258.59, 1988.316,  2,  0, 357.27
1988-05-03, 19:22, 32266.81, 1988.338,  1,  4, 358.23
1988-05-09, 13:57, 32272.58, 1988.354,  2,  0, 357.19
1988-05-17, 23:41, 32280.99, 1988.377,  2,  0, 357.11
1988-05-23, 16:28, 32286.69, 1988.393,  2,  0, 356.59
1988-05-30, 13:55, 32293.58, 1988.411,  2,  0, 356.61
1988-06-06, 14:02, 32300.58, 1988.431,  2,  4, 357.08
1988-06-13, 14:02, 32307.58, 1988.450,  2,  4, 356.07
1988-06-20, 14:00, 32314.58, 1988.469,  1,  4, 350.86
1988-06-27, 14:16, 32321.59, 1988.488,  2,  0, 354.31
1988-07-04, 14:43, 32328.61, 1988.507,  1,  4, 351.26
1988-07-11, 14:15, 32335.59, 1988.526,  2,  0, 349.48
1988-07-18, 14:00, 32342.58, 1988.545,  1,  4, 348.58
1988-07-25, 14:01, 32349.58, 1988.564,  2,  4, 365.64
1988-08-01, 14:01, 32356.58, 1988.584,  2,  0, 346.05
1988-08-08, 14:10, 32363.59, 1988.603,  1,  4, 345.91
1988-08-15, 14:02, 32370.58, 1988.622,  1,  4, 344.43
1988-08-22, 14:01, 32377.58, 1988.641,  2,  0, 343.85
1988-09-13, 14:01, 32399.58, 1988.701,  1,  4, 344.11
1988-10-08, 13:16, 32424.55, 1988.769,  2,  0, 348.07
1988-10-14, 13:33, 32430.56, 1988.786,  2,  4, 351.48
1988-10-21, 12:16, 32437.51, 1988.805,  2,  0, 351.13
1988-10-28, 11:21, 32444.47, 1988.824,  2,  0, 351.41
1988-11-07, 15:15, 32454.64, 1988.851,  2,  4, 358.69
1988-11-11, 14:04, 32458.59, 1988.862,  2,  0, 354.42
1988-12-30, 14:22, 32507.60, 1988.996,  2,  0, 358.40
1989-01-06, 14:30, 32514.60, 1989.015,  1,  4, 372.64
1989-01-13, 11:36, 32521.48, 1989.034,  2,  0, 355.80
1989-01-20, 11:53, 32528.49, 1989.053,  2,  0, 357.06
1989-02-04, 16:42, 32543.70, 1989.095,  2,  5, 363.07
1989-02-10, 12:14, 32549.51, 1989.111,  2,  0, 358.80
1989-02-24, 12:46, 32563.53, 1989.149,  2,  4, 358.72
1989-03-03, 12:16, 32570.51, 1989.169,  2,  0, 359.40
1989-03-17, 19:59, 32584.83, 1989.208,  2,  0, 360.72
1989-04-14, 12:24, 32612.52, 1989.284,  2,  0, 359.35
1989-04-21, 11:10, 32619.47, 1989.303,  2,  0, 359.88
1989-04-28, 11:43, 32626.49, 1989.322,  2,  4, 360.28
1989-05-05, 11:20, 32633.47, 1989.341,  1,  4, 360.13
1989-05-12, 11:17, 32640.47, 1989.360,  2,  0, 360.48
1989-05-19, 12:23, 32647.52, 1989.379,  2,  0, 359.22
1989-05-26, 11:17, 32654.47, 1989.399,  2,  0, 358.84
1989-06-02, 11:26, 32661.48, 1989.418,  2,  0, 357.78
1989-06-10, 13:48, 32669.57, 1989.440,  2,  0, 358.44
1989-06-16, 12:36, 32675.52, 1989.456,  2,  0, 358.16
1989-06-23, 13:21, 32682.56, 1989.475,  2,  0, 356.73
1989-06-30, 13:12, 32689.55, 1989.495,  2,  0, 355.54
1989-07-07, 13:52, 32696.58, 1989.514,  2,  0, 353.54
1989-08-11, 10:54, 32731.45, 1989.609,  2,  0, 346.25
1989-08-19, 14:58, 32739.62, 1989.632,  2,  4, 348.10
1989-08-25, 13:35, 32745.57, 1989.648,  2,  4, 358.96
1989-09-01, 14:39, 32752.61, 1989.667,  2,  4, 359.02
1989-09-08, 15:26, 32759.64, 1989.687,  2,  0, 345.53
1989-09-14, 16:20, 32765.68, 1989.703,  2,  4, 347.01
1989-09-29, 12:55, 32780.54, 1989.744,  2,  4, 350.06
1989-10-06, 14:16, 32787.59, 1989.763,  2,  4, 355.95
1989-10-13, 16:04, 32794.67, 1989.783,  2,  4, 356.09
1989-10-20, 11:48, 32801.49, 1989.801,  2,  4, 357.58
1989-10-27, 13:27, 32808.56, 1989.821,  2,  0, 351.77
1989-11-03, 17:06, 32815.71, 1989.840,  2,  0, 353.15
1989-11-11, 14:11, 32823.59, 1989.862,  2,  4, 354.01
1989-11-18, 21:14, 32830.88, 1989.882,  2,  4, 357.66
1989-11-26, 17:31, 32838.73, 1989.903,  2,  0, 356.03
1989-12-02, 14:28, 32844.60, 1989.919,  2,  0, 357.95
1989-12-08, 15:35, 32850.65, 1989.936,  2,  0, 359.34
1989-12-15, 12:45, 32857.53, 1989.955,  2,  0, 358.46
1989-12-22, 15:41, 32864.65, 1989.974,  2,  0, 356.57
1989-12-29, 12:39, 32871.53, 1989.993,  2,  5, 362.87
1990-01-05, 14:45, 32878.61, 1990.013,  2,  0, 359.56
1990-01-12, 14:26, 32885.60, 1990.032,  2,  0, 359.95
1990-01-26, 13:31, 32899.56, 1990.070,  2,  0, 358.38
1990-02-04, 14:58, 32908.62, 1990.095,  2,  0, 359.70
1990-02-11, 15:22, 32915.64, 1990.114,  2,  0, 359.77
1990-02-17, 16:30, 32921.69, 1990.131,  2,  0, 360.00
1990-02-23, 17:17, 32927.72, 1990.147,  2,  0, 361.09
1990-03-02, 14:30, 32934.60, 1990.166,  2,  0, 360.69
1990-03-18, 16:44, 32950.70, 1990.210,  2,  0, 360.38
1990-03-23, 13:02, 32955.54, 1990.223,  2,  0, 361.13
1990-03-30, 14:13, 32962.59, 1990.243,  2,  0, 361.15
1990-04-05, 11:56, 32968.50, 1990.259,  2,  0, 360.56
1990-04-14, 17:46, 32977.74, 1990.284,  2,  0, 361.10
1990-04-20, 13:21, 32983.56, 1990.300,  2,  0, 360.34
1990-04-27, 16:17, 32990.68, 1990.320,  2,  0, 360.67
1990-05-04, 18:48, 32997.78, 1990.339,  2,  0, 360.44
1990-05-11, 13:27, 33004.56, 1990.358,  2,  0, 360.77
1990-05-21, 15:06, 33014.63, 1990.385,  3,  0, 359.78
1990-05-25, 11:23, 33018.47, 1990.396,  2,  0, 359.96
1990-06-01, 12:35, 33025.52, 1990.415,  2,  0, 359.60
1990-06-08, 11:05, 33032.46, 1990.434,  2,  0, 358.32
1990-06-15, 12:42, 33039.53, 1990.454,  2,  0, 357.47
1990-06-22, 13:19, 33046.55, 1990.473,  2,  0, 356.80
1990-06-29, 14:02, 33053.58, 1990.492,  2,  4, 356.23
1990-07-06, 13:38, 33060.57, 1990.511,  2,  0, 352.31
1990-07-13, 10:45, 33067.45, 1990.530,  2,  0, 353.29
1990-07-20, 09:43, 33074.40, 1990.549,  2,  4, 355.31
1990-07-28, 15:20, 33082.64, 1990.572,  2,  0, 347.99
1990-08-03, 14:19, 33088.60, 1990.588,  2,  4, 352.66
1990-08-12, 11:01, 33097.46, 1990.612,  2,  4, 365.49
1990-08-19, 14:16, 33104.59, 1990.632,  2,  0, 346.25
1990-08-27, 19:16, 33112.80, 1990.654,  2,  0, 345.28
1990-09-03, 13:39, 33119.57, 1990.673,  2,  0, 346.02
1990-09-07, 15:04, 33123.63, 1990.684,  2,  0, 346.47
1990-09-16, 12:16, 33132.51, 1990.708,  2,  4, 348.12
1990-09-21, 10:56, 33137.46, 1990.722,  2,  4, 349.73
1990-10-05, 14:12, 33151.59, 1990.761,  2,  0, 348.61
1990-10-19, 13:26, 33165.56, 1990.799,  2,  0, 351.79
1990-10-26, 13:34, 33172.57, 1990.818,  2,  0, 352.86
1990-11-02, 13:55, 33179.58, 1990.837,  2,  0, 354.36
1990-11-09, 15:11, 33186.63, 1990.857,  2,  0, 355.72
1990-11-16, 11:42, 33193.49, 1990.875,  2,  0, 356.37
1990-11-23, 14:07, 33200.59, 1990.895,  2,  0, 356.21
1990-11-30, 17:26, 33207.73, 1990.914,  2,  0, 356.51
1990-12-07, 15:11, 33214.63, 1990.933,  2,  4, 358.85
1990-12-15, 12:48, 33222.53, 1990.955,  2,  0, 358.79
1990-12-21, 16:14, 33228.68, 1990.972,  2,  0, 358.31
1990-12-28, 15:23, 33235.64, 1990.991,  2,  0, 359.50
1991-01-04, 16:16, 33242.68, 1991.010,  2,  0, 359.35
1991-01-11, 12:03, 33249.50, 1991.029,  2,  0, 360.78
1991-01-21, 17:44, 33259.74, 1991.057,  2,  0, 360.95
1991-01-28, 16:38, 33266.69, 1991.076,  2,  0, 361.12
1991-02-01, 20:24, 33270.85, 1991.087,  2,  0, 360.64
1991-02-12, 17:03, 33281.71, 1991.117,  2,  0, 363.22
1991-02-16, 16:55, 33285.70, 1991.128,  2,  0, 362.64
1991-02-23, 15:46, 33292.66, 1991.147,  2,  4, 362.72
1991-02-27, 16:18, 33296.68, 1991.158,  2,  0, 361.78
1991-03-12, 20:03, 33309.84, 1991.194,  2,  0, 360.13
1991-03-17, 13:26, 33314.56, 1991.207,  2,  0, 361.17
1991-03-22, 17:36, 33319.73, 1991.221,  2,  0, 361.72
1991-03-29, 16:33, 33326.69, 1991.240,  2,  0, 361.13
1991-04-05, 13:08, 33333.55, 1991.259,  2,  0, 362.56
1991-04-12, 13:34, 33340.57, 1991.278,  2,  0, 361.79
1991-04-19, 15:31, 33347.65, 1991.298,  2,  0, 361.93
1991-04-27, 13:56, 33355.58, 1991.319,  2,  0, 361.50
1991-05-03, 11:14, 33361.47, 1991.336,  2,  0, 361.66
1991-05-11, 12:22, 33369.52, 1991.358,  2,  0, 361.68
1991-05-17, 13:38, 33375.57, 1991.374,  2,  0, 361.52
1991-05-25, 10:48, 33383.45, 1991.396,  2,  0, 361.48
1991-05-31, 10:52, 33389.45, 1991.412,  2,  0, 360.52
1991-06-22, 11:30, 33411.48, 1991.473,  2,  0, 358.82
1991-06-28, 12:13, 33417.51, 1991.489,  1,  4, 358.13
1991-07-01, 12:54, 33420.54, 1991.497,  2,  0, 357.03
1991-07-05, 13:35, 33424.57, 1991.508,  2,  0, 357.31
1991-07-12, 12:00, 33431.50, 1991.527,  2,  0, 356.09
1991-07-19, 14:16, 33438.59, 1991.547,  2,  0, 352.16
1991-07-26, 13:31, 33445.56, 1991.566,  2,  0, 351.14
1991-08-02, 16:04, 33452.67, 1991.585,  2,  0, 349.56
1991-08-10, 11:53, 33460.49, 1991.607,  2,  0, 348.32
1991-08-19, 11:05, 33469.46, 1991.631,  2,  0, 347.44
1991-08-24, 16:09, 33474.67, 1991.646,  2,  0, 346.47
1991-08-30, 11:45, 33480.49, 1991.662,  2,  0, 347.16
1991-09-06, 00:00, 33487.00, 1991.679,  2,  0, 347.73
1991-09-13, 00:00, 33494.00, 1991.699,  2,  0, 348.73
1991-09-20, 12:29, 33501.52, 1991.719,  2,  0, 349.23
1991-09-30, 13:36, 33511.57, 1991.747,  2,  4, 351.36
1991-10-04, 14:54, 33515.62, 1991.758,  2,  0, 350.67
1991-10-13, 14:19, 33524.60, 1991.782,  2,  0, 352.86
1991-10-22, 00:55, 33533.04, 1991.806,  3,  4, 354.83
1991-10-25, 16:39, 33536.69, 1991.816,  2,  0, 354.84
1991-11-02, 13:24, 33544.56, 1991.837,  2,  4, 357.41
1991-11-09, 17:49, 33551.74, 1991.857,  2,  0, 355.99
1991-11-22, 15:16, 33564.64, 1991.892,  2,  0, 359.38
1991-11-29, 13:07, 33571.55, 1991.911,  2,  0, 358.81
1991-12-06, 14:41, 33578.61, 1991.930,  2,  0, 359.49
1991-12-13, 17:25, 33585.73, 1991.950,  2,  0, 358.00
1991-12-21, 17:55, 33593.75, 1991.972,  2,  0, 362.04
1991-12-29, 14:28, 33601.60, 1991.993,  2,  5, 366.23
1992-01-03, 18:56, 33606.79, 1992.008,  2,  0, 360.36
1992-01-10, 19:01, 33613.79, 1992.027,  2,  0, 362.78
1992-01-20, 16:40, 33623.69, 1992.054,  2,  0, 362.81
1992-01-23, 15:32, 33626.65, 1992.062,  2,  5, 366.86
1992-01-30, 18:42, 33633.78, 1992.081,  2,  0, 362.66
1992-02-06, 16:48, 33640.70, 1992.100,  2,  0, 362.81
1992-02-13, 14:40, 33647.61, 1992.119,  2,  0, 361.33
1992-02-20, 17:47, 33654.74, 1992.139,  2,  0, 363.75
1992-02-27, 15:50, 33661.66, 1992.158,  2,  0, 361.04
1992-03-05, 17:58, 33668.75, 1992.177,  2,  0, 362.51
1992-03-12, 15:11, 33675.63, 1992.196,  2,  0, 364.69
1992-03-19, 17:26, 33682.73, 1992.215,  2,  0, 364.84
1992-03-26, 19:09, 33689.80, 1992.234,  2,  0, 363.09
1992-04-03, 12:27, 33697.52, 1992.256,  2,  0, 362.39
1992-04-09, 15:47, 33703.66, 1992.272,  2,  0, 362.57
1992-04-16, 16:17, 33710.68, 1992.291,  2,  0, 362.57
1992-04-23, 17:12, 33717.72, 1992.311,  2,  0, 362.93
1992-04-30, 17:09, 33724.71, 1992.330,  2,  0, 362.85
1992-05-07, 16:20, 33731.68, 1992.349,  2,  0, 363.06
1992-05-21, 18:12, 33745.76, 1992.387,  2,  0, 363.24
1992-05-29, 15:12, 33753.63, 1992.409,  2,  0, 362.71
1992-06-04, 17:03, 33759.71, 1992.425,  2,  0, 362.66
1992-06-11, 15:06, 33766.63, 1992.444,  2,  0, 362.02
1992-06-19, 12:10, 33774.51, 1992.466,  2,  0, 361.22
1992-06-27, 21:34, 33782.90, 1992.489,  2,  0, 359.72
1992-07-03, 11:43, 33788.49, 1992.504,  2,  0, 357.12
1992-07-12, 13:35, 33797.57, 1992.529,  2,  0, 354.91
1992-07-17, 16:40, 33802.69, 1992.543,  2,  0, 354.79
1992-07-23, 17:04, 33808.71, 1992.559,  2,  0, 351.81
1992-07-30, 13:42, 33815.57, 1992.578,  2,  0, 348.72
1992-08-07, 15:20, 33823.64, 1992.600,  2,  0, 347.64
1992-08-15, 14:23, 33831.60, 1992.622,  2,  0, 346.57
1992-08-23, 13:36, 33839.57, 1992.644,  2,  0, 347.06
1992-08-28, 14:27, 33844.60, 1992.657,  2,  0, 346.59
1992-09-03, 13:27, 33850.56, 1992.674,  2,  0, 347.42
1992-09-12, 10:48, 33859.45, 1992.698,  2,  0, 347.50
1992-09-19, 16:25, 33866.68, 1992.718,  2,  0, 347.79
1992-09-27, 11:09, 33874.46, 1992.739,  2,  4, 348.69
1992-10-03, 13:33, 33880.56, 1992.756,  2,  0, 350.42
1992-10-10, 11:55, 33887.50, 1992.775,  2,  0, 350.92
1992-10-17, 10:24, 33894.43, 1992.794,  1,  4, 352.24
1992-10-24, 13:03, 33901.54, 1992.813,  2,  0, 353.27
1992-10-31, 13:24, 33908.56, 1992.832,  2,  0, 355.34
1992-11-05, 15:54, 33913.66, 1992.846,  2,  4, 356.37
1992-11-14, 18:31, 33922.77, 1992.871,  2,  4, 360.85
1992-11-21, 13:44, 33929.57, 1992.890,  2,  0, 356.57
1992-11-28, 11:51, 33936.49, 1992.908,  2,  0, 359.01
1992-12-04, 16:04, 33942.67, 1992.925,  2,  0, 358.71
1992-12-13, 16:45, 33951.70, 1992.950,  2,  0, 362.01
1992-12-19, 19:19, 33957.80, 1992.967,  2,  0, 362.13
1992-12-26, 12:45, 33964.53, 1992.985,  2,  0, 360.68
1992-12-31, 13:32, 33969.56, 1992.999,  2,  0, 362.64
1993-01-07, 18:02, 33976.75, 1993.018,  2,  0, 363.44
1993-01-15, 18:53, 33984.79, 1993.041,  2,  0, 360.69
1993-01-21, 15:26, 33990.64, 1993.057,  2,  0, 360.58
1993-01-28, 15:38, 33997.65, 1993.076,  2,  0, 363.22
1993-02-04, 15:34, 34004.65, 1993.095,  2,  0, 361.01
1993-02-11, 13:18, 34011.55, 1993.114,  2,  0, 361.84
1993-02-18, 14:55, 34018.62, 1993.133,  2,  0, 362.93
1993-02-25, 12:00, 34025.50, 1993.152,  2,  0, 361.88
1993-03-05, 15:48, 34033.66, 1993.174,  2,  0, 361.79
1993-03-11, 12:09, 34039.51, 1993.190,  2,  0, 362.69
1993-03-19, 16:19, 34047.68, 1993.213,  3,  0, 362.57
1993-03-26, 13:14, 34054.55, 1993.232,  2,  0, 364.08
1993-04-01, 12:57, 34060.54, 1993.248,  2,  0, 362.96
1993-04-08, 12:02, 34067.50, 1993.267,  2,  0, 363.29
1993-04-15, 16:26, 34074.68, 1993.287,  2,  0, 364.38
1993-04-22, 16:48, 34081.70, 1993.306,  2,  0, 363.63
1993-04-29, 14:55, 34088.62, 1993.325,  2,  0, 363.38
1993-05-06, 12:01, 34095.50, 1993.344,  2,  4, 383.55
1993-05-13, 14:29, 34102.60, 1993.363,  2,  4, 371.57
1993-05-20, 14:06, 34109.59, 1993.382,  2,  4, 364.73
1993-05-27, 11:34, 34116.48, 1993.401,  2,  4, 366.52
1993-06-03, 13:13, 34123.55, 1993.421,  2,  4, 388.31
1993-06-10, 17:19, 34130.72, 1993.440,  1,  4, 362.91
1993-06-17, 14:22, 34137.60, 1993.459,  2,  0, 362.02
1993-06-24, 11:32, 34144.48, 1993.478,  2,  0, 358.16
1993-07-01, 11:29, 34151.48, 1993.497,  2,  0, 358.12
1993-07-08, 16:24, 34158.68, 1993.517,  2,  0, 357.05
1993-07-15, 16:09, 34165.67, 1993.536,  2,  0, 355.19
1993-07-22, 16:22, 34172.68, 1993.555,  2,  0, 350.98
1993-07-29, 14:35, 34179.61, 1993.574,  2,  0, 349.62
1993-08-06, 07:17, 34187.30, 1993.595,  2,  0, 350.10
1993-08-20, 08:11, 34201.34, 1993.634,  2,  0, 347.52
1993-08-26, 10:33, 34207.44, 1993.651,  2,  0, 346.90
1993-09-02, 11:18, 34214.47, 1993.670,  2,  0, 347.63
1993-09-09, 10:41, 34221.45, 1993.689,  1,  4, 349.31
1993-09-17, 10:32, 34229.44, 1993.711,  2,  0, 349.03
1993-09-23, 11:47, 34235.49, 1993.727,  2,  0, 349.75
1993-09-30, 10:14, 34242.43, 1993.746,  2,  0, 349.94
1993-10-07, 10:43, 34249.45, 1993.766,  2,  0, 351.22
1993-10-15, 11:17, 34257.47, 1993.788,  2,  0, 354.08
1993-10-21, 09:52, 34263.41, 1993.804,  2,  0, 353.88
1993-10-28, 11:06, 34270.46, 1993.823,  2,  0, 356.12
1993-11-04, 11:48, 34277.49, 1993.842,  2,  0, 355.85
1993-11-11, 11:15, 34284.47, 1993.862,  2,  0, 356.77
1993-11-18, 11:20, 34291.47, 1993.881,  2,  0, 356.90
1993-11-25, 11:44, 34298.49, 1993.900,  2,  4, 357.85
1993-12-02, 11:13, 34305.47, 1993.919,  2,  0, 361.02
1993-12-09, 11:18, 34312.47, 1993.938,  2,  0, 359.05
1993-12-16, 11:26, 34319.48, 1993.957,  2,  0, 360.21
1993-12-23, 11:30, 34326.48, 1993.977,  1,  4, 360.49
1993-12-30, 12:20, 34333.51, 1993.996,  2,  0, 360.61
1994-01-06, 12:16, 34340.51, 1994.015,  2,  0, 362.12
1994-01-14, 12:32, 34348.52, 1994.037,  2,  0, 364.27
1994-01-19, 17:58, 34353.75, 1994.051,  2,  0, 363.32
1994-01-27, 12:39, 34361.53, 1994.073,  2,  0, 362.64
1994-02-02, 15:59, 34367.67, 1994.089,  2,  0, 363.69
1994-02-10, 12:28, 34375.52, 1994.111,  2,  0, 364.91
1994-02-17, 15:04, 34382.63, 1994.130,  2,  0, 362.60
1994-02-23, 16:20, 34388.68, 1994.147,  2,  0, 365.23
1994-03-04, 11:57, 34397.50, 1994.171,  2,  0, 365.61
1994-03-10, 11:14, 34403.47, 1994.188,  2,  0, 364.25
1994-03-17, 12:40, 34410.53, 1994.207,  2,  0, 364.35
1994-03-24, 00:00, 34417.00, 1994.225,  2,  0, 365.01
1994-03-31, 10:36, 34424.44, 1994.245,  2,  0, 365.17
1994-04-07, 14:44, 34431.61, 1994.265,  2,  0, 365.04
1994-04-14, 11:04, 34438.46, 1994.283,  2,  0, 364.58
1994-04-21, 10:49, 34445.45, 1994.303,  2,  0, 363.93
1994-04-28, 10:54, 34452.45, 1994.322,  2,  0, 364.47
1994-05-05, 10:45, 34459.45, 1994.341,  2,  0, 364.30
1994-05-12, 10:23, 34466.43, 1994.360,  2,  0, 364.27
1994-05-19, 09:55, 34473.41, 1994.379,  2,  0, 364.33
1994-05-26, 10:42, 34480.45, 1994.398,  2,  0, 364.06
1994-06-02, 09:48, 34487.41, 1994.418,  2,  0, 363.79
1994-06-09, 09:52, 34494.41, 1994.437,  2,  0, 363.53
1994-06-17, 10:28, 34502.44, 1994.459,  2,  0, 362.39
1994-06-23, 13:16, 34508.55, 1994.475,  2,  0, 361.15
1994-06-30, 10:30, 34515.44, 1994.494,  2,  0, 357.59
1994-07-14, 10:21, 34529.43, 1994.533,  2,  0, 357.18
1994-07-21, 10:20, 34536.43, 1994.552,  2,  0, 355.14
1994-07-28, 10:23, 34543.43, 1994.571,  2,  0, 353.52
1994-08-04, 11:05, 34550.46, 1994.590,  2,  0, 352.57
1994-08-11, 10:21, 34557.43, 1994.609,  2,  0, 351.26
1994-08-19, 09:41, 34565.40, 1994.631,  2,  4, 349.99
1994-08-25, 09:37, 34571.40, 1994.648,  2,  0, 350.22
1994-09-01, 10:02, 34578.42, 1994.667,  2,  0, 350.51
1994-09-08, 09:04, 34585.38, 1994.686,  2,  0, 350.19
1994-09-15, 10:58, 34592.46, 1994.705,  2,  0, 349.64
1994-09-22, 10:29, 34599.44, 1994.724,  2,  0, 351.39
1994-09-29, 12:00, 34606.50, 1994.744,  2,  0, 351.85
1994-10-06, 11:11, 34613.47, 1994.763,  2,  0, 353.90
1994-10-13, 10:57, 34620.46, 1994.782,  2,  0, 356.37
1994-10-20, 13:49, 34627.58, 1994.802,  2,  0, 356.86
1994-10-27, 12:03, 34634.50, 1994.821,  2,  0, 358.01
1994-11-03, 18:48, 34641.78, 1994.841,  2,  4, 392.18
1994-11-10, 17:44, 34648.74, 1994.860,  2,  4, 359.32
1994-11-17, 18:15, 34655.76, 1994.879,  2,  0, 359.62
1994-11-24, 17:58, 34662.75, 1994.898,  2,  0, 361.70
1994-12-01, 19:13, 34669.80, 1994.917,  2,  0, 361.95
1994-12-08, 17:50, 34676.74, 1994.936,  2,  0, 363.49
1994-12-15, 17:21, 34683.72, 1994.955,  2,  0, 363.22
1994-12-23, 18:36, 34691.77, 1994.977,  2,  0, 363.90
1994-12-29, 16:16, 34697.68, 1994.994,  2,  0, 363.56
1995-01-06, 16:29, 34705.69, 1995.016,  2,  0, 363.24
1995-01-12, 16:12, 34711.67, 1995.032,  2,  0, 362.90
1995-01-19, 16:19, 34718.68, 1995.051,  2,  0, 363.20
1995-01-28, 16:54, 34727.70, 1995.076,  2,  0, 364.74
1995-02-02, 19:41, 34732.82, 1995.090,  2,  0, 364.75
1995-02-09, 19:05, 34739.79, 1995.109,  2,  4, 371.54
1995-02-16, 17:30, 34746.73, 1995.128,  2,  0, 364.75
1995-02-23, 16:16, 34753.68, 1995.147,  2,  0, 365.14
1995-03-02, 15:27, 34760.64, 1995.166,  2,  0, 367.99
1995-03-09, 13:24, 34767.56, 1995.185,  2,  0, 365.45
1995-03-16, 14:23, 34774.60, 1995.204,  2,  0, 365.80
1995-03-23, 11:37, 34781.48, 1995.223,  2,  0, 366.14
1995-03-31, 14:14, 34789.59, 1995.245,  2,  0, 368.17
1995-04-06, 09:58, 34795.42, 1995.261,  2,  0, 366.66
1995-04-14, 11:06, 34803.46, 1995.283,  2,  0, 367.00
1995-04-20, 11:50, 34809.49, 1995.300,  2,  4, 381.64
1995-04-27, 10:17, 34816.43, 1995.319,  2,  0, 365.39
1995-05-04, 11:38, 34823.48, 1995.338,  2,  0, 365.52
1995-05-11, 11:26, 34830.48, 1995.357,  2,  0, 365.69
1995-05-18, 11:06, 34837.46, 1995.377,  2,  0, 365.77
1995-05-25, 10:55, 34844.45, 1995.396,  2,  0, 365.77
1995-06-01, 11:11, 34851.47, 1995.415,  2,  4, 365.04
1995-06-08, 11:10, 34858.46, 1995.434,  2,  0, 364.87
1995-06-16, 10:45, 34866.45, 1995.456,  2,  0, 364.65
1995-06-23, 10:15, 34873.43, 1995.475,  2,  0, 362.55
1995-06-29, 10:56, 34879.46, 1995.492,  2,  0, 362.12
1995-07-06, 10:46, 34886.45, 1995.511,  2,  0, 361.16
1995-07-13, 11:03, 34893.46, 1995.530,  2,  0, 359.92
1995-07-20, 10:08, 34900.42, 1995.549,  2,  0, 357.55
1995-07-28, 14:20, 34908.60, 1995.571,  2,  0, 354.11
1995-08-03, 10:34, 34914.44, 1995.588,  2,  0, 352.53
1995-08-11, 10:59, 34922.46, 1995.609,  2,  0, 352.63
1995-08-18, 11:17, 34929.47, 1995.629,  2,  0, 352.19
1995-08-25, 12:14, 34936.51, 1995.648,  2,  0, 352.22
1995-09-01, 12:14, 34943.51, 1995.667,  2,  0, 352.70
1995-09-08, 11:10, 34950.46, 1995.686,  2,  0, 352.21
1995-09-17, 11:30, 34959.48, 1995.711,  2,  0, 353.60
1995-09-22, 12:09, 34964.51, 1995.725,  2,  0, 355.21
1995-09-29, 11:35, 34971.48, 1995.744,  2,  0, 354.99
1995-10-05, 11:23, 34977.47, 1995.760,  2,  0, 355.27
1995-10-13, 13:03, 34985.54, 1995.782,  2,  0, 356.55
1995-10-20, 10:58, 34992.46, 1995.801,  2,  4, 373.20
1995-10-27, 11:53, 34999.50, 1995.821,  2,  0, 359.84
1995-11-03, 13:55, 35006.58, 1995.840,  2,  0, 360.80
1995-11-10, 13:09, 35013.55, 1995.859,  2,  0, 363.11
1995-11-17, 13:16, 35020.55, 1995.878,  2,  0, 362.77
1995-11-24, 13:26, 35027.56, 1995.897,  2,  0, 362.32
1995-11-30, 12:29, 35033.52, 1995.914,  2,  0, 363.26
1995-12-08, 13:24, 35041.56, 1995.936,  2,  0, 365.64
1995-12-15, 13:26, 35048.56, 1995.955,  2,  0, 365.65
1995-12-22, 12:04, 35055.50, 1995.974,  2,  0, 367.25
1995-12-29, 15:09, 35062.63, 1995.994,  2,  0, 364.84
1996-01-05, 15:40, 35069.65, 1996.013,  2,  0, 368.71
1996-01-12, 16:18, 35076.68, 1996.032,  2,  0, 367.06
1996-01-19, 15:18, 35083.64, 1996.051,  2,  0, 366.07
1996-01-26, 12:33, 35090.52, 1996.070,  2,  0, 365.89
1996-02-02, 13:30, 35097.56, 1996.089,  2,  0, 366.32
1996-02-09, 12:42, 35104.53, 1996.108,  2,  0, 366.11
1996-02-16, 12:51, 35111.54, 1996.127,  2,  0, 368.09
1996-02-23, 12:47, 35118.53, 1996.146,  2,  0, 365.97
1996-03-01, 12:15, 35125.51, 1996.165,  2,  0, 368.16
1996-03-07, 12:37, 35131.53, 1996.182,  2,  0, 367.62
1996-03-15, 12:42, 35139.53, 1996.204,  2,  0, 367.15
1996-03-22, 12:56, 35146.54, 1996.223,  2,  0, 367.71
1996-03-29, 14:42, 35153.61, 1996.242,  2,  0, 367.37
1996-04-05, 14:39, 35160.61, 1996.261,  2,  0, 367.93
1996-04-12, 13:25, 35167.56, 1996.280,  2,  0, 368.24
1996-04-19, 17:16, 35174.72, 1996.300,  2,  4, 369.10
1996-04-26, 15:26, 35181.64, 1996.319,  2,  4, 371.29
1996-05-03, 15:25, 35188.64, 1996.338,  2,  0, 368.52
1996-05-09, 14:22, 35194.60, 1996.354,  2,  4, 369.03
1996-05-17, 13:57, 35202.58, 1996.376,  2,  0, 368.67
1996-05-24, 15:36, 35209.65, 1996.395,  2,  0, 369.37
1996-05-31, 18:54, 35216.79, 1996.415,  2,  0, 369.23
1996-06-07, 13:23, 35223.56, 1996.433,  2,  0, 368.57
1996-06-14, 16:37, 35230.69, 1996.453,  2,  0, 367.21
1996-06-21, 15:12, 35237.63, 1996.472,  2,  4, 366.29
1996-06-29, 14:21, 35245.60, 1996.493,  2,  4, 368.62
1996-07-04, 10:49, 35250.45, 1996.507,  2,  0, 364.53
1996-07-12, 15:39, 35258.65, 1996.529,  2,  5, 364.52
1996-07-19, 11:10, 35265.47, 1996.548,  2,  0, 360.25
1996-07-26, 13:56, 35272.58, 1996.567,  2,  5, 361.19
1996-08-02, 12:06, 35279.50, 1996.586,  2,  0, 358.41
1996-08-09, 12:02, 35286.50, 1996.605,  2,  0, 356.57
1996-08-16, 11:12, 35293.47, 1996.624,  2,  4, 359.27
1996-08-23, 12:12, 35300.51, 1996.643,  2,  4, 368.84
1996-08-30, 12:30, 35307.52, 1996.663,  2,  4, 371.85
1996-09-06, 14:56, 35314.62, 1996.682,  2,  0, 354.12
1996-09-13, 11:27, 35321.48, 1996.701,  2,  0, 353.89
1996-09-20, 12:56, 35328.54, 1996.720,  2,  0, 355.08
1996-09-27, 12:43, 35335.53, 1996.739,  2,  4, 359.44
1996-10-04, 16:10, 35342.67, 1996.759,  2,  0, 357.36
1996-10-11, 15:02, 35349.63, 1996.778,  2,  0, 360.63
1996-10-18, 10:22, 35356.43, 1996.796,  2,  0, 360.27
1996-10-25, 13:35, 35363.57, 1996.816,  2,  4, 387.20
1996-11-01, 11:38, 35370.48, 1996.835,  2,  4, 374.23
1996-11-08, 13:15, 35377.55, 1996.854,  3,  0, 361.47
1996-11-22, 13:04, 35391.54, 1996.892,  2,  0, 366.28
1996-11-29, 14:02, 35398.58, 1996.911,  2,  0, 365.81
1996-12-06, 13:08, 35405.55, 1996.930,  2,  0, 365.23
1996-12-13, 16:44, 35412.70, 1996.950,  2,  0, 365.09
1996-12-20, 12:49, 35419.53, 1996.969,  2,  0, 366.22
1996-12-27, 18:27, 35426.77, 1996.988,  2,  0, 365.75
1997-01-03, 18:05, 35433.75, 1997.008,  2,  0, 366.62
1997-01-10, 16:30, 35440.69, 1997.027,  2,  0, 366.29
1997-01-17, 17:09, 35447.71, 1997.046,  2,  0, 369.36
1997-01-24, 13:47, 35454.57, 1997.065,  2,  0, 370.99
1997-01-31, 14:54, 35461.62, 1997.084,  2,  0, 368.52
1997-02-06, 00:00, 35467.00, 1997.099,  1,  0, 368.86
1997-02-13, 14:09, 35474.59, 1997.119,  2,  5, 371.70
1997-02-20, 12:25, 35481.52, 1997.138,  2,  4, 369.31
1997-03-13, 16:37, 35502.69, 1997.196,  2,  0, 369.02
1997-03-20, 10:54, 35509.45, 1997.215,  2,  0, 367.38
1997-03-27, 13:54, 35516.58, 1997.234,  2,  0, 368.20
1997-04-03, 19:04, 35523.79, 1997.254,  2,  0, 368.36
1997-04-10, 16:07, 35530.67, 1997.273,  2,  0, 368.69
1997-04-17, 15:34, 35537.65, 1997.292,  2,  0, 368.68
1997-04-25, 20:01, 35545.83, 1997.315,  2,  0, 369.57
1997-05-01, 17:41, 35551.74, 1997.331,  2,  0, 369.68
1997-05-09, 14:29, 35559.60, 1997.352,  2,  0, 369.49
1997-05-15, 14:16, 35565.59, 1997.369,  1,  4, 369.30
1997-05-22, 13:41, 35572.57, 1997.388,  1,  4, 368.87
1997-05-29, 13:14, 35579.55, 1997.407,  2,  0, 368.83
1997-06-06, 15:28, 35587.64, 1997.429,  2,  0, 368.61
1997-06-12, 12:30, 35593.52, 1997.445,  2,  0, 368.23
1997-06-20, 09:23, 35601.39, 1997.467,  2,  0, 367.16
1997-06-26, 16:26, 35607.68, 1997.484,  2,  0, 365.05
1997-07-24, 13:23, 35635.56, 1997.560,  2,  4, 358.17
1997-07-31, 13:52, 35642.58, 1997.580,  2,  0, 357.00
1997-08-08, 12:20, 35650.51, 1997.601,  2,  0, 356.76
1997-08-11, 15:05, 35653.63, 1997.610,  2,  0, 355.09
1997-08-21, 18:52, 35663.79, 1997.638,  2,  0, 354.55
1997-08-28, 17:27, 35670.73, 1997.657,  2,  4, 354.72
1997-09-04, 17:06, 35677.71, 1997.676,  2,  4, 393.11
1997-09-11, 16:43, 35684.70, 1997.695,  2,  0, 356.24
1997-09-18, 15:23, 35691.64, 1997.714,  2,  0, 355.44
1997-09-25, 16:58, 35698.71, 1997.733,  2,  0, 357.74
1997-10-02, 16:54, 35705.70, 1997.753,  2,  0, 359.72
1997-10-09, 16:50, 35712.70, 1997.772,  2,  0, 358.94
1997-10-16, 14:23, 35719.60, 1997.791,  2,  0, 359.11
1997-10-23, 16:01, 35726.67, 1997.810,  2,  0, 362.55
1997-10-30, 15:19, 35733.64, 1997.829,  2,  0, 363.83
1997-11-06, 15:08, 35740.63, 1997.848,  2,  0, 364.75
1997-11-13, 17:18, 35747.72, 1997.868,  2,  0, 364.11
1997-11-20, 16:23, 35754.68, 1997.887,  2,  0, 364.87
1997-11-28, 15:27, 35762.64, 1997.909,  2,  0, 365.87
1997-12-04, 16:13, 35768.68, 1997.925,  2,  0, 366.57
1997-12-11, 15:54, 35775.66, 1997.944,  2,  0, 369.83
1997-12-18, 15:33, 35782.65, 1997.963,  2,  0, 367.44
1997-12-26, 18:33, 35790.77, 1997.986,  2,  0, 367.15
1998-01-02, 18:27, 35797.77, 1998.005,  1,  4, 370.50
1998-01-09, 17:32, 35804.73, 1998.024,  2,  0, 368.93
1998-01-16, 17:36, 35811.73, 1998.043,  2,  0, 369.18
1998-01-23, 16:32, 35818.69, 1998.062,  2,  4, 369.46
1998-01-29, 19:45, 35824.82, 1998.079,  2,  0, 370.42
1998-02-05, 16:38, 35831.69, 1998.098,  2,  0, 371.67
1998-02-19, 14:27, 35845.60, 1998.136,  2,  0, 369.50
1998-02-26, 14:10, 35852.59, 1998.155,  2,  0, 369.25
1998-03-05, 14:33, 35859.61, 1998.174,  2,  0, 372.11
1998-03-27, 14:52, 35881.62, 1998.235,  2,  0, 369.62
1998-04-02, 15:09, 35887.63, 1998.251,  2,  0, 370.50
1998-04-09, 14:44, 35894.61, 1998.270,  2,  0, 370.22
1998-04-16, 13:51, 35901.58, 1998.289,  2,  4, 372.89
1998-04-23, 18:27, 35908.77, 1998.309,  2,  0, 370.70
1998-04-30, 18:36, 35915.77, 1998.328,  2,  0, 370.82
1998-05-07, 15:34, 35922.65, 1998.347,  2,  4, 373.44
1998-05-14, 16:35, 35929.69, 1998.366,  2,  4, 377.91
1998-05-21, 12:29, 35936.52, 1998.385,  2,  4, 378.37
1998-05-28, 16:00, 35943.67, 1998.405,  2,  0, 371.29
1998-06-04, 14:07, 35950.59, 1998.424,  2,  0, 370.56
1998-06-11, 15:48, 35957.66, 1998.443,  2,  0, 369.71
1998-06-18, 16:14, 35964.68, 1998.462,  2,  4, 404.10
1998-06-25, 14:46, 35971.62, 1998.481,  2,  4, 405.47
1998-07-02, 16:26, 35978.68, 1998.501,  2,  4, 403.58
1998-07-09, 15:50, 35985.66, 1998.520,  2,  0, 366.62
1998-07-16, 15:27, 35992.64, 1998.539,  2,  0, 363.61
1998-07-23, 16:24, 35999.68, 1998.558,  2,  4, 361.94
1998-07-30, 16:58, 36006.71, 1998.577,  2,  4, 384.06
1998-08-28, 19:13, 36035.80, 1998.657,  2,  0, 356.83
1998-09-04, 20:38, 36042.86, 1998.676,  2,  5, 360.41
1998-09-10, 17:40, 36048.74, 1998.692,  1,  4, 358.86
1998-09-17, 19:49, 36055.83, 1998.712,  2,  0, 360.81
1998-10-01, 15:54, 36069.66, 1998.750,  2,  0, 362.44
1998-10-08, 14:49, 36076.62, 1998.769,  2,  0, 361.59
1998-10-15, 14:44, 36083.61, 1998.788,  2,  0, 364.39
1998-10-22, 15:11, 36090.63, 1998.807,  2,  0, 364.54
1998-10-29, 15:48, 36097.66, 1998.826,  2,  0, 366.97
1998-11-05, 18:07, 36104.75, 1998.846,  2,  0, 368.83
1998-11-12, 15:20, 36111.64, 1998.865,  2,  0, 368.07
1998-11-20, 15:50, 36119.66, 1998.887,  2,  0, 368.24
1998-11-27, 17:48, 36126.74, 1998.906,  2,  0, 369.96
1998-12-03, 18:36, 36132.77, 1998.923,  2,  0, 369.50
1998-12-21, 15:34, 36150.65, 1998.972,  2,  0, 373.50
1998-12-31, 23:05, 36160.96, 1999.000,  2,  0, 372.15
1999-01-08, 19:22, 36168.81, 1999.021,  2,  5, 375.87
1999-01-14, 19:24, 36174.81, 1999.038,  2,  0, 371.74
1999-01-22, 18:09, 36182.76, 1999.060,  2,  0, 374.17
1999-01-28, 18:10, 36188.76, 1999.076,  2,  0, 372.60
1999-02-04, 17:45, 36195.74, 1999.095,  2,  0, 374.00
1999-02-12, 19:13, 36203.80, 1999.117,  2,  0, 373.07
1999-02-18, 18:24, 36209.77, 1999.134,  2,  0, 374.05
1999-02-25, 17:27, 36216.73, 1999.153,  2,  0, 374.19
1999-03-04, 17:31, 36223.73, 1999.172,  2,  0, 374.18
1999-03-11, 19:26, 36230.81, 1999.191,  3,  0, 373.65
1999-03-18, 19:26, 36237.81, 1999.210,  2,  0, 373.31
1999-03-25, 17:28, 36244.73, 1999.229,  2,  4, 373.92
1999-04-01, 16:15, 36251.68, 1999.248,  2,  0, 373.77
1999-04-09, 15:45, 36259.66, 1999.270,  2,  0, 373.85
1999-04-15, 15:27, 36265.64, 1999.287,  2,  4, 389.59
1999-04-29, 17:26, 36279.73, 1999.325,  2,  0, 374.65
1999-05-07, 20:06, 36287.84, 1999.347,  2,  0, 374.86
1999-05-14, 19:58, 36294.83, 1999.367,  2,  0, 374.51
1999-05-20, 17:55, 36300.75, 1999.383,  2,  0, 374.08
1999-06-18, 11:54, 36329.50, 1999.462,  2,  0, 372.01
1999-06-24, 11:17, 36335.47, 1999.478,  2,  0, 370.05
1999-07-01, 14:44, 36342.61, 1999.498,  2,  0, 369.43
1999-07-09, 12:47, 36350.53, 1999.519,  2,  0, 365.02
1999-07-16, 10:48, 36357.45, 1999.538,  2,  0, 364.97
1999-07-22, 10:37, 36363.44, 1999.555,  2,  0, 362.72
1999-07-29, 09:54, 36370.41, 1999.574,  2,  0, 361.44
1999-08-05, 10:00, 36377.42, 1999.593,  2,  0, 359.97
1999-08-12, 15:19, 36384.64, 1999.613,  2,  4, 359.19
1999-08-19, 10:38, 36391.44, 1999.631,  2,  0, 358.17
1999-08-26, 15:15, 36398.64, 1999.651,  2,  0, 359.59
1999-09-02, 11:17, 36405.47, 1999.670,  2,  0, 358.86
1999-09-09, 11:47, 36412.49, 1999.689,  2,  0, 359.70
1999-09-16, 11:06, 36419.46, 1999.708,  2,  0, 359.39
1999-09-23, 10:47, 36426.45, 1999.727,  2,  0, 360.76
1999-09-30, 14:54, 36433.62, 1999.747,  2,  0, 361.37
1999-10-07, 14:39, 36440.61, 1999.766,  2,  0, 364.75
1999-10-14, 11:00, 36447.46, 1999.785,  2,  0, 364.22
1999-10-20, 17:00, 36453.71, 1999.802,  2,  0, 365.12
1999-11-04, 13:05, 36468.54, 1999.843,  2,  4, 381.91
1999-11-11, 11:36, 36475.48, 1999.862,  2,  0, 368.98
1999-11-19, 12:22, 36483.51, 1999.884,  2,  0, 370.75
1999-11-25, 11:55, 36489.50, 1999.900,  2,  0, 370.75
1999-12-02, 15:49, 36496.66, 1999.920,  2,  0, 370.58
1999-12-11, 13:33, 36505.56, 1999.944,  2,  4, 373.04
1999-12-16, 10:54, 36510.45, 1999.957,  2,  0, 372.83
1999-12-23, 11:31, 36517.48, 1999.977,  2,  0, 373.73
1999-12-30, 13:24, 36524.56, 1999.996,  2,  0, 373.81
2000-01-06, 19:59, 36531.83, 2000.016,  2,  0, 372.43
2000-01-13, 14:55, 36538.62, 2000.034,  2,  0, 373.69
2000-01-20, 12:27, 36545.52, 2000.053,  2,  0, 373.34
2000-01-28, 14:46, 36553.62, 2000.075,  2,  4, 374.00
2000-02-10, 13:36, 36566.57, 2000.111,  2,  0, 375.59
2000-02-17, 13:11, 36573.55, 2000.130,  2,  0, 374.75
2000-02-24, 12:23, 36580.52, 2000.149,  2,  0, 375.18
2000-03-03, 13:10, 36588.55, 2000.171,  2,  0, 374.13
2000-03-09, 12:07, 36594.50, 2000.187,  2,  0, 374.46
2000-03-16, 14:23, 36601.60, 2000.207,  2,  0, 376.00
2000-03-27, 13:08, 36612.55, 2000.236,  2,  0, 374.61
2000-03-30, 12:58, 36615.54, 2000.245,  2,  0, 374.97
2000-04-06, 11:18, 36622.47, 2000.264,  2,  0, 375.88
2000-04-14, 11:32, 36630.48, 2000.285,  2,  0, 374.88
2000-04-20, 11:31, 36636.48, 2000.302,  2,  0, 375.32
2000-04-27, 15:28, 36643.64, 2000.321,  2,  0, 375.70
2000-05-05, 15:09, 36651.63, 2000.343,  2,  0, 375.93
2000-05-11, 15:03, 36657.63, 2000.360,  2,  0, 376.02
2000-05-18, 14:33, 36664.61, 2000.379,  2,  0, 376.45
2000-05-26, 14:05, 36672.59, 2000.401,  2,  0, 376.01
2000-06-01, 17:44, 36678.74, 2000.417,  2,  0, 375.67
2000-06-08, 14:51, 36685.62, 2000.436,  2,  0, 375.36
2000-06-15, 13:44, 36692.57, 2000.455,  2,  0, 373.43
2000-07-06, 13:26, 36713.56, 2000.512,  2,  0, 367.19
2000-07-14, 15:28, 36721.64, 2000.535,  2,  0, 367.34
2000-07-20, 14:15, 36727.59, 2000.551,  2,  0, 366.32
2000-07-28, 13:08, 36735.55, 2000.573,  1,  4, 363.91
2000-08-04, 12:38, 36742.53, 2000.592,  2,  0, 361.76
2000-08-11, 13:38, 36749.57, 2000.611,  2,  0, 361.62
2000-08-18, 13:33, 36756.56, 2000.630,  2,  0, 360.44
2000-08-24, 14:05, 36762.59, 2000.646,  2,  0, 360.51
2000-09-02, 16:09, 36771.67, 2000.671,  2,  0, 362.03
2000-09-07, 14:26, 36776.60, 2000.685,  2,  0, 360.75
2000-09-14, 14:20, 36783.60, 2000.704,  2,  0, 361.51
2000-09-21, 14:16, 36790.59, 2000.723,  2,  0, 362.42
2000-09-29, 13:32, 36798.56, 2000.745,  2,  0, 363.04
2000-10-06, 13:49, 36805.58, 2000.764,  2,  0, 366.21
2000-10-12, 14:43, 36811.61, 2000.780,  2,  4, 370.99
2000-10-20, 13:39, 36819.57, 2000.802,  2,  0, 369.21
2000-10-26, 14:00, 36825.58, 2000.819,  2,  0, 368.21
2000-11-02, 15:40, 36832.65, 2000.838,  2,  0, 368.53
2000-11-30, 15:16, 36860.64, 2000.914,  2,  0, 372.47
2000-12-07, 15:18, 36867.64, 2000.933,  2,  0, 373.24
2000-12-15, 15:36, 36875.65, 2000.955,  2,  0, 374.02
2000-12-21, 14:54, 36881.62, 2000.972,  2,  0, 373.17
2000-12-28, 15:30, 36888.65, 2000.991,  2,  0, 373.62
2001-01-04, 14:55, 36895.62, 2001.010,  2,  0, 374.13
2001-01-11, 17:04, 36902.71, 2001.029,  2,  0, 375.15
2001-01-18, 16:24, 36909.68, 2001.048,  2,  0, 378.26
2001-01-25, 18:00, 36916.75, 2001.068,  2,  0, 376.91
2001-02-01, 16:00, 36923.67, 2001.087,  2,  0, 375.31
2001-02-09, 18:26, 36931.77, 2001.109,  2,  0, 375.85
2001-02-15, 18:51, 36937.79, 2001.125,  2,  0, 375.57
2001-02-22, 15:45, 36944.66, 2001.144,  2,  0, 376.68
2001-03-01, 15:26, 36951.64, 2001.163,  2,  0, 376.39
2001-03-09, 19:21, 36959.81, 2001.186,  2,  0, 376.26
2001-03-15, 16:51, 36965.70, 2001.202,  2,  0, 376.50
2001-03-22, 15:50, 36972.66, 2001.221,  2,  0, 376.36
2001-03-29, 18:08, 36979.76, 2001.240,  2,  4, 402.44
2001-04-06, 14:34, 36987.61, 2001.262,  2,  0, 376.54
2001-04-12, 14:23, 36993.60, 2001.278,  2,  0, 376.89
2001-04-19, 14:05, 37000.59, 2001.297,  2,  0, 378.21
2001-04-26, 18:09, 37007.76, 2001.317,  2,  0, 378.35
2001-05-04, 13:31, 37015.56, 2001.339,  2,  0, 377.35
2001-05-11, 18:09, 37022.76, 2001.358,  2,  0, 378.41
2001-05-17, 15:03, 37028.63, 2001.374,  2,  0, 377.06
2001-05-24, 18:37, 37035.78, 2001.394,  2,  0, 377.32
2001-05-31, 14:16, 37042.59, 2001.413,  2,  0, 377.50
2001-06-07, 13:49, 37049.58, 2001.432,  2,  0, 377.50
2001-06-14, 14:21, 37056.60, 2001.451,  2,  0, 376.24
2001-06-22, 14:02, 37064.58, 2001.473,  2,  0, 372.83
2001-06-29, 13:56, 37071.58, 2001.492,  2,  0, 369.96
2001-07-05, 13:48, 37077.57, 2001.508,  2,  0, 368.23
2001-07-12, 13:42, 37084.57, 2001.528,  2,  0, 370.17
2001-07-20, 16:43, 37092.70, 2001.550,  2,  0, 367.39
2001-07-26, 14:27, 37098.60, 2001.566,  2,  0, 362.98
2001-08-02, 13:50, 37105.58, 2001.585,  2,  0, 364.12
2001-08-09, 13:49, 37112.58, 2001.604,  2,  0, 362.15
2001-08-17, 14:25, 37120.60, 2001.626,  2,  0, 362.25
2001-08-24, 14:21, 37127.60, 2001.645,  2,  0, 359.86
2001-08-31, 16:48, 37134.70, 2001.665,  2,  0, 361.32
2001-09-07, 14:09, 37141.59, 2001.684,  2,  0, 362.57
2001-09-13, 14:17, 37147.59, 2001.700,  2,  4, 363.37
2001-09-20, 13:17, 37154.55, 2001.719,  1,  4, 363.21
2001-09-27, 17:56, 37161.75, 2001.739,  1,  4, 365.79
2001-10-04, 15:05, 37168.63, 2001.758,  2,  0, 366.11
2001-10-11, 13:42, 37175.57, 2001.777,  2,  0, 366.96
2001-10-18, 16:08, 37182.67, 2001.796,  2,  0, 368.13
2001-10-25, 20:25, 37189.85, 2001.816,  2,  0, 369.31
2001-11-01, 19:24, 37196.81, 2001.835,  2,  0, 370.49
2001-11-10, 15:01, 37205.63, 2001.859,  2,  0, 374.23
2001-11-15, 14:58, 37210.62, 2001.873,  2,  0, 372.75
2001-11-19, 15:19, 37214.64, 2001.884,  2,  0, 374.64
2001-11-29, 19:11, 37224.80, 2001.912,  2,  0, 373.23
2001-12-06, 16:17, 37231.68, 2001.931,  2,  0, 374.42
2001-12-15, 19:32, 37240.81, 2001.956,  2,  0, 374.47
2001-12-21, 19:40, 37246.82, 2001.972,  1,  4, 463.56
2001-12-30, 17:37, 37255.73, 2001.997,  2,  0, 374.57
2002-01-04, 17:36, 37260.73, 2002.010,  2,  4, 420.23
2002-01-11, 16:58, 37267.71, 2002.029,  2,  0, 376.50
2002-01-18, 17:07, 37274.71, 2002.049,  2,  5, 381.83
2002-01-25, 16:43, 37281.70, 2002.068,  2,  4, 382.08
2002-02-01, 16:57, 37288.71, 2002.087,  1,  4, 376.81
2002-02-08, 18:06, 37295.75, 2002.106,  2,  0, 377.67
2002-02-14, 19:28, 37301.81, 2002.123,  2,  0, 376.97
2002-03-15, 17:29, 37330.73, 2002.202,  2,  0, 378.85
2002-03-21, 19:37, 37336.82, 2002.219,  2,  0, 378.09
2002-03-29, 17:31, 37344.73, 2002.240,  2,  0, 378.11
2002-04-04, 16:25, 37350.68, 2002.257,  2,  0, 378.32
2002-04-11, 15:33, 37357.65, 2002.276,  2,  0, 378.87
2002-04-18, 18:34, 37364.77, 2002.295,  2,  0, 378.94
2002-04-26, 16:34, 37372.69, 2002.317,  2,  0, 378.81
2002-05-04, 16:46, 37380.70, 2002.339,  2,  0, 379.22
2002-05-09, 17:11, 37385.72, 2002.353,  2,  0, 378.95
2002-05-16, 15:52, 37392.66, 2002.372,  2,  0, 378.61
2002-05-23, 16:06, 37399.67, 2002.391,  2,  0, 379.04
2002-06-01, 15:22, 37408.64, 2002.415,  2,  0, 377.27
2002-06-10, 13:34, 37417.56, 2002.440,  2,  4, 378.38
2002-06-14, 13:43, 37421.57, 2002.451,  2,  0, 376.07
2002-06-20, 13:45, 37427.57, 2002.467,  2,  0, 375.31
2002-06-27, 14:25, 37434.60, 2002.487,  1,  4, 373.10
2002-07-04, 14:14, 37441.59, 2002.506,  2,  0, 374.26
2002-07-11, 14:53, 37448.62, 2002.525,  2,  0, 369.37
2002-07-18, 13:50, 37455.58, 2002.544,  2,  0, 371.69
2002-07-25, 14:49, 37462.62, 2002.563,  2,  4, 378.80
2002-08-01, 14:20, 37469.60, 2002.582,  2,  0, 366.27
2002-08-08, 17:40, 37476.74, 2002.602,  2,  4, 364.37
2002-08-15, 13:14, 37483.55, 2002.621,  2,  0, 363.90
2002-08-22, 13:25, 37490.56, 2002.640,  2,  0, 363.13
2002-08-30, 14:51, 37498.62, 2002.662,  2,  0, 364.00
2002-09-06, 16:35, 37505.69, 2002.681,  2,  0, 364.76
2002-09-12, 15:51, 37511.66, 2002.698,  2,  4, 370.19
2002-09-20, 17:03, 37519.71, 2002.720,  2,  0, 366.16
2002-09-27, 14:51, 37526.62, 2002.739,  2,  0, 366.77
2002-10-03, 14:42, 37532.61, 2002.755,  2,  0, 367.56
2002-10-10, 15:20, 37539.64, 2002.774,  2,  0, 368.55
2002-10-18, 14:29, 37547.60, 2002.796,  2,  0, 370.85
2002-10-24, 15:43, 37553.65, 2002.813,  2,  0, 371.24
2002-10-31, 19:39, 37560.82, 2002.832,  2,  0, 374.72
2002-11-07, 15:36, 37567.65, 2002.851,  2,  0, 373.19
2002-11-14, 15:00, 37574.62, 2002.870,  2,  0, 374.73
2002-11-22, 15:00, 37582.62, 2002.892,  2,  0, 373.86
2002-11-29, 17:35, 37589.73, 2002.912,  1,  4, 379.52
2002-12-05, 15:41, 37595.65, 2002.928,  2,  0, 378.31
2002-12-12, 07:09, 37602.30, 2002.946,  2,  0, 375.83
2002-12-19, 15:17, 37609.64, 2002.966,  2,  0, 380.14
2002-12-26, 15:31, 37616.65, 2002.985,  2,  0, 377.64
2003-01-03, 16:18, 37624.68, 2003.007,  2,  0, 377.02
2003-01-10, 17:25, 37631.73, 2003.027,  2,  0, 377.37
2003-01-17, 16:05, 37638.67, 2003.046,  2,  0, 380.29
2003-01-24, 19:42, 37645.82, 2003.065,  2,  0, 381.07
2003-01-30, 18:41, 37651.78, 2003.082,  2,  4, 380.24
2003-02-13, 17:51, 37665.74, 2003.120,  2,  4, 383.44
2003-02-20, 18:41, 37672.78, 2003.139,  2,  4, 381.69
2003-02-27, 19:18, 37679.80, 2003.158,  2,  0, 379.67
2003-03-14, 18:47, 37694.78, 2003.199,  2,  4, 383.25
2003-03-20, 16:57, 37700.71, 2003.216,  2,  4, 383.87
2003-03-28, 16:01, 37708.67, 2003.237,  2,  0, 381.08
2003-04-04, 15:42, 37715.65, 2003.257,  2,  0, 381.57
2003-04-10, 18:30, 37721.77, 2003.273,  2,  0, 380.70
2003-04-18, 15:34, 37729.65, 2003.295,  2,  0, 381.69
2003-05-01, 17:45, 37742.74, 2003.331,  2,  0, 382.51
2003-05-08, 15:13, 37749.63, 2003.350,  2,  0, 382.39
2003-05-15, 14:59, 37756.62, 2003.369,  2,  0, 381.75
2003-05-22, 16:49, 37763.70, 2003.388,  2,  0, 381.44
2003-05-30, 15:06, 37771.63, 2003.410,  2,  0, 383.15
2003-06-05, 14:40, 37777.61, 2003.426,  2,  0, 381.42
2003-06-13, 14:47, 37785.62, 2003.448,  2,  0, 382.47
2003-06-19, 15:36, 37791.65, 2003.465,  2,  0, 379.22
2003-06-26, 14:40, 37798.61, 2003.484,  2,  0, 379.83
2003-07-03, 15:57, 37805.66, 2003.503,  2,  0, 375.35
2003-07-10, 15:10, 37812.63, 2003.522,  2,  0, 375.02
2003-07-17, 16:42, 37819.70, 2003.542,  2,  4, 374.37
2003-07-24, 16:36, 37826.69, 2003.561,  2,  0, 373.24
2003-07-31, 16:29, 37833.69, 2003.580,  2,  0, 369.61
2003-08-14, 15:51, 37847.66, 2003.618,  2,  0, 368.08
2003-08-23, 19:07, 37856.80, 2003.643,  2,  4, 367.38
2003-08-29, 17:28, 37862.73, 2003.660,  2,  4, 367.96
2003-09-04, 18:55, 37868.79, 2003.676,  2,  0, 368.47
2003-09-11, 19:03, 37875.79, 2003.695,  2,  4, 368.33
2003-09-18, 15:59, 37882.67, 2003.714,  2,  0, 367.82
2003-09-25, 16:51, 37889.70, 2003.733,  2,  0, 370.20
2003-10-03, 14:51, 37897.62, 2003.755,  2,  4, 379.48
2003-10-09, 19:29, 37903.81, 2003.772,  2,  0, 370.63
2003-10-16, 16:11, 37910.67, 2003.791,  2,  0, 372.28
2003-10-23, 17:40, 37917.74, 2003.810,  3,  0, 373.40
2003-10-30, 17:35, 37924.73, 2003.829,  2,  0, 375.89
2003-11-06, 17:17, 37931.72, 2003.849,  2,  0, 376.28
2003-11-13, 17:11, 37938.72, 2003.868,  2,  0, 376.78
2003-11-20, 21:21, 37945.89, 2003.887,  2,  0, 378.75
2003-11-27, 17:35, 37952.73, 2003.906,  2,  0, 379.59
2003-12-04, 18:08, 37959.76, 2003.925,  2,  0, 379.59
2003-12-12, 16:23, 37967.68, 2003.947,  2,  4, 381.82
2003-12-18, 17:04, 37973.71, 2003.964,  2,  0, 379.72
2004-01-02, 17:18, 37988.72, 2004.005,  2,  4, 380.46
2004-01-08, 17:36, 37994.73, 2004.021,  2,  0, 383.17
2004-01-16, 19:21, 38002.81, 2004.043,  2,  0, 381.51
2004-01-23, 16:47, 38009.70, 2004.062,  2,  4, 386.24
2004-01-29, 19:03, 38015.79, 2004.079,  2,  0, 382.84
2004-02-05, 16:39, 38022.69, 2004.098,  2,  0, 381.60
2004-02-12, 17:21, 38029.72, 2004.117,  2,  4, 381.36
2004-02-19, 16:04, 38036.67, 2004.136,  2,  0, 382.81
2004-02-26, 17:22, 38043.72, 2004.155,  2,  0, 382.68
2004-03-04, 16:02, 38050.67, 2004.174,  2,  0, 381.12
2004-03-11, 19:08, 38057.80, 2004.193,  2,  0, 381.33
2004-03-19, 17:25, 38065.73, 2004.215,  2,  0, 382.13
2004-03-25, 18:07, 38071.75, 2004.232,  2,  4, 382.75
2004-04-01, 16:21, 38078.68, 2004.250,  2,  0, 383.15
2004-04-08, 17:30, 38085.73, 2004.270,  2,  0, 383.30
2004-04-14, 17:12, 38091.72, 2004.286,  2,  0, 383.29
2004-04-23, 16:13, 38100.68, 2004.311,  2,  0, 383.12
2004-04-28, 18:27, 38105.77, 2004.325,  2,  0, 383.17
2004-05-06, 19:24, 38113.81, 2004.346,  2,  0, 383.30
2004-05-12, 17:23, 38119.72, 2004.363,  2,  4, 385.12
2004-05-20, 17:31, 38127.73, 2004.385,  2,  4, 384.86
2004-05-26, 16:23, 38133.68, 2004.401,  2,  0, 383.54
2004-06-02, 15:08, 38140.63, 2004.420,  2,  0, 383.28
2004-06-10, 16:48, 38148.70, 2004.442,  2,  4, 383.51
2004-06-18, 12:19, 38156.51, 2004.463,  2,  0, 381.37
2004-06-25, 16:17, 38163.68, 2004.483,  2,  0, 381.05
2004-06-30, 15:59, 38168.67, 2004.496,  2,  0, 380.90
2004-07-07, 19:07, 38175.80, 2004.516,  2,  4, 376.46
2004-07-16, 16:03, 38184.67, 2004.540,  1,  4, 373.94
2004-07-22, 16:05, 38190.67, 2004.556,  2,  0, 371.45
2004-07-28, 14:23, 38196.60, 2004.573,  2,  0, 372.64
2004-08-05, 11:55, 38204.50, 2004.594,  2,  0, 370.76
2004-08-11, 15:07, 38210.63, 2004.611,  2,  4, 370.55
2004-08-18, 20:49, 38217.87, 2004.631,  2,  0, 368.58
2004-08-26, 17:51, 38225.74, 2004.652,  2,  0, 367.21
2004-09-01, 15:15, 38231.64, 2004.668,  2,  0, 367.13
2004-09-08, 18:04, 38238.75, 2004.688,  2,  0, 367.67
2004-09-16, 14:04, 38246.59, 2004.709,  2,  4, 369.08
2004-09-22, 18:41, 38252.78, 2004.726,  2,  0, 369.88
2004-10-01, 13:45, 38261.57, 2004.750,  2,  0, 370.07
2004-10-07, 15:43, 38267.65, 2004.767,  2,  0, 372.02
2004-10-13, 15:52, 38273.66, 2004.783,  2,  0, 373.90
2004-10-20, 15:32, 38280.65, 2004.802,  2,  0, 373.70
2004-10-29, 14:58, 38289.62, 2004.827,  2,  0, 376.12
2004-11-05, 15:08, 38296.63, 2004.846,  2,  0, 376.24
2004-11-12, 15:13, 38303.63, 2004.865,  2,  0, 379.10
2004-11-18, 20:02, 38309.83, 2004.882,  2,  0, 378.61
2004-11-24, 15:48, 38315.66, 2004.898,  2,  0, 379.74
2004-12-01, 14:53, 38322.62, 2004.917,  2,  0, 380.12
2004-12-08, 19:56, 38329.83, 2004.937,  2,  0, 380.74
2004-12-15, 11:32, 38336.48, 2004.955,  2,  0, 380.71
2004-12-22, 19:33, 38343.81, 2004.975,  2,  0, 383.84
2005-01-01, 20:37, 38353.86, 2005.002,  2,  5, 385.77
2005-01-05, 16:15, 38357.68, 2005.013,  2,  0, 382.85
2005-01-12, 18:11, 38364.76, 2005.032,  1,  4, 384.59
2005-01-19, 18:32, 38371.77, 2005.051,  2,  5, 387.69
2005-01-26, 20:00, 38378.83, 2005.071,  2,  0, 385.32
2005-02-02, 15:24, 38385.64, 2005.089,  2,  0, 383.48
2005-02-09, 14:58, 38392.62, 2005.109,  2,  0, 384.11
2005-02-16, 15:04, 38399.63, 2005.128,  2,  0, 385.69
2005-02-23, 15:24, 38406.64, 2005.147,  2,  0, 383.62
2005-03-02, 14:26, 38413.60, 2005.166,  2,  0, 384.06
2005-03-11, 16:33, 38422.69, 2005.191,  2,  0, 383.55
2005-03-17, 15:39, 38428.65, 2005.207,  2,  0, 384.09
2005-03-23, 18:51, 38434.79, 2005.224,  2,  0, 384.33
2005-03-30, 14:42, 38441.61, 2005.243,  2,  0, 384.62
2005-04-06, 15:02, 38448.63, 2005.262,  2,  4, 395.08
2005-04-13, 15:22, 38455.64, 2005.281,  2,  0, 385.25
2005-04-20, 15:11, 38462.63, 2005.300,  2,  0, 385.30
2005-04-27, 14:51, 38469.62, 2005.320,  2,  0, 385.54
2005-05-05, 14:34, 38477.61, 2005.341,  2,  0, 385.32
2005-05-11, 13:38, 38483.57, 2005.358,  2,  0, 384.90
2005-05-18, 14:33, 38490.61, 2005.377,  2,  0, 385.58
2005-05-25, 17:56, 38497.75, 2005.397,  2,  0, 385.14
2005-06-02, 14:50, 38505.62, 2005.418,  2,  0, 385.62
2005-06-08, 14:17, 38511.59, 2005.435,  2,  0, 384.60
2005-06-15, 14:11, 38518.59, 2005.454,  2,  0, 383.35
2005-06-22, 13:12, 38525.55, 2005.473,  2,  0, 382.05
2005-06-29, 14:16, 38532.59, 2005.492,  2,  0, 381.75
2005-07-06, 13:16, 38539.55, 2005.511,  2,  0, 380.25
2005-07-13, 14:17, 38546.59, 2005.530,  2,  0, 376.28
2005-07-20, 12:43, 38553.53, 2005.549,  2,  0, 375.52
2005-07-28, 17:45, 38561.74, 2005.572,  2,  0, 374.40
2005-08-03, 15:16, 38567.64, 2005.588,  2,  0, 372.04
2005-08-10, 13:22, 38574.56, 2005.607,  2,  0, 371.53
2005-08-17, 14:30, 38581.60, 2005.626,  2,  4, 374.49
2005-08-24, 15:29, 38588.65, 2005.646,  2,  0, 369.32
2005-08-31, 19:32, 38595.81, 2005.665,  2,  0, 370.76
2005-09-07, 19:08, 38602.80, 2005.684,  2,  0, 369.97
2005-09-15, 15:44, 38610.66, 2005.706,  2,  0, 373.32
2005-09-23, 14:46, 38618.61, 2005.728,  2,  0, 373.43
2005-09-28, 15:38, 38623.65, 2005.742,  2,  0, 373.98
2005-10-06, 16:54, 38631.70, 2005.764,  2,  0, 373.63
2005-10-12, 18:22, 38637.76, 2005.780,  2,  4, 375.19
2005-10-19, 17:03, 38644.71, 2005.799,  2,  0, 376.24
2005-10-28, 02:09, 38653.09, 2005.822,  2,  0, 376.96
2005-11-02, 17:39, 38658.74, 2005.838,  2,  0, 380.09
2005-11-09, 19:25, 38665.81, 2005.857,  2,  0, 380.54
2005-11-16, 18:01, 38672.75, 2005.876,  2,  0, 380.94
2005-11-23, 16:31, 38679.69, 2005.895,  2,  0, 382.31
2005-11-30, 20:43, 38686.86, 2005.915,  2,  0, 384.80
2005-12-08, 20:55, 38694.87, 2005.937,  1,  4, 391.42
2005-12-16, 17:26, 38702.73, 2005.958,  2,  0, 385.48
2005-12-21, 15:08, 38707.63, 2005.972,  2,  0, 383.58
2005-12-28, 16:07, 38714.67, 2005.991,  2,  0, 387.47
2006-01-06, 17:39, 38723.74, 2006.016,  2,  0, 384.61
2006-01-12, 17:08, 38729.71, 2006.032,  2,  0, 385.02
2006-01-20, 16:26, 38737.68, 2006.054,  2,  0, 384.90
2006-01-25, 22:12, 38742.93, 2006.068,  1,  4, 384.41
2006-02-01, 19:04, 38749.79, 2006.087,  2,  0, 385.50
2006-02-08, 20:27, 38756.85, 2006.106,  2,  0, 385.25
2006-02-17, 14:45, 38765.61, 2006.130,  2,  0, 385.63
2006-02-23, 19:35, 38771.82, 2006.147,  2,  0, 385.36
2006-03-01, 16:49, 38777.70, 2006.164,  2,  0, 385.89
2006-03-08, 20:00, 38784.83, 2006.183,  2,  0, 386.83
2006-03-15, 19:11, 38791.80, 2006.202,  2,  0, 386.92
2006-03-22, 18:47, 38798.78, 2006.221,  2,  0, 387.29
2006-03-31, 18:10, 38807.76, 2006.246,  2,  0, 386.96
2006-04-06, 20:08, 38813.84, 2006.263,  2,  0, 386.90
2006-04-12, 18:37, 38819.78, 2006.279,  2,  0, 388.33
2006-04-19, 19:07, 38826.80, 2006.298,  3,  0, 387.83
2006-04-26, 19:58, 38833.83, 2006.317,  2,  0, 387.86
2006-05-01, 16:41, 38838.70, 2006.331,  2,  0, 388.42
2006-05-10, 17:57, 38847.75, 2006.355,  2,  0, 387.69
2006-05-19, 16:20, 38856.68, 2006.380,  2,  0, 389.19
2006-05-24, 19:31, 38861.81, 2006.394,  2,  4, 389.63
2006-05-31, 18:13, 38868.76, 2006.413,  2,  0, 388.53
2006-06-07, 17:10, 38875.71, 2006.432,  2,  0, 388.23
2006-06-16, 18:25, 38884.77, 2006.457,  2,  0, 387.76
2006-06-21, 18:49, 38889.78, 2006.471,  2,  0, 385.56
2006-06-28, 19:13, 38896.80, 2006.490,  2,  0, 385.89
2006-07-07, 14:17, 38905.59, 2006.514,  2,  0, 383.29
2006-07-12, 15:32, 38910.65, 2006.528,  2,  0, 381.37
2006-07-26, 14:56, 38924.62, 2006.566,  2,  4, 376.47
2006-08-02, 15:09, 38931.63, 2006.585,  2,  0, 375.85
2006-08-09, 15:06, 38938.63, 2006.604,  2,  0, 375.19
2006-08-16, 18:29, 38945.77, 2006.624,  2,  0, 373.05
2006-08-23, 19:20, 38952.81, 2006.643,  2,  0, 373.63
2006-08-31, 00:36, 38960.02, 2006.663,  2,  4, 374.89
2006-09-08, 00:07, 38968.00, 2006.685,  2,  0, 373.75
2006-09-15, 14:51, 38975.62, 2006.706,  2,  0, 374.70
2006-09-21, 18:21, 38981.76, 2006.723,  2,  0, 375.82
2006-09-29, 19:56, 38989.83, 2006.745,  2,  0, 377.21
2006-10-04, 23:50, 38994.99, 2006.759,  2,  4, 377.05
2006-10-12, 14:59, 39002.62, 2006.780,  2,  0, 378.56
2006-10-18, 16:10, 39008.67, 2006.796,  2,  0, 379.22
2006-10-25, 19:11, 39015.80, 2006.816,  2,  0, 380.51
2006-11-04, 15:31, 39025.65, 2006.843,  2,  0, 381.31
2006-11-09, 21:02, 39030.88, 2006.857,  2,  0, 382.44
2006-11-15, 20:13, 39036.84, 2006.874,  2,  4, 388.59
2006-11-22, 19:23, 39043.81, 2006.893,  2,  0, 387.01
2006-11-29, 18:21, 39050.76, 2006.912,  2,  0, 386.16
2006-12-22, 15:24, 39073.64, 2006.974,  1,  4, 387.57
2006-12-27, 19:32, 39078.81, 2006.989,  2,  0, 387.91
2007-01-05, 16:25, 39087.68, 2007.013,  2,  4, 400.57
2007-01-10, 22:35, 39092.94, 2007.027,  2,  0, 389.50
2007-01-19, 16:02, 39101.67, 2007.051,  2,  0, 388.18
2007-01-26, 16:24, 39108.68, 2007.070,  2,  4, 389.10
2007-01-31, 20:28, 39113.85, 2007.085,  2,  0, 387.54
2007-02-08, 15:32, 39121.65, 2007.106,  2,  0, 390.42
2007-02-14, 14:27, 39127.60, 2007.122,  2,  0, 389.72
2007-02-21, 15:48, 39134.66, 2007.142,  2,  0, 387.24
2007-02-28, 20:43, 39141.86, 2007.161,  2,  0, 388.08
2007-03-07, 18:24, 39148.77, 2007.180,  2,  0, 390.10
2007-03-17, 18:03, 39158.75, 2007.208,  2,  0, 389.96
2007-03-21, 15:33, 39162.65, 2007.218,  2,  0, 388.97
2007-03-28, 19:34, 39169.81, 2007.238,  2,  4, 389.26
2007-04-06, 19:31, 39178.81, 2007.263,  2,  0, 389.95
2007-04-11, 15:16, 39183.64, 2007.276,  2,  0, 389.88
2007-04-18, 15:45, 39190.66, 2007.295,  2,  0, 389.63
2007-04-27, 18:48, 39199.78, 2007.320,  2,  0, 389.62
2007-05-02, 19:37, 39204.82, 2007.334,  2,  0, 389.46
2007-05-09, 18:42, 39211.78, 2007.353,  2,  0, 389.61
2007-05-16, 19:19, 39218.80, 2007.372,  2,  0, 389.04
2007-05-25, 19:23, 39227.81, 2007.397,  2,  0, 389.72
2007-05-31, 15:17, 39233.64, 2007.413,  2,  0, 388.88
2007-06-08, 14:19, 39241.60, 2007.435,  2,  0, 389.14
2007-06-13, 19:15, 39246.80, 2007.449,  2,  0, 387.85
2007-06-22, 17:32, 39255.73, 2007.473,  2,  0, 386.66
2007-06-29, 17:47, 39262.74, 2007.492,  2,  0, 385.00
2007-07-05, 17:46, 39268.74, 2007.509,  2,  0, 383.36
2007-07-13, 17:20, 39276.72, 2007.531,  2,  4, 382.44
2007-07-20, 17:30, 39283.73, 2007.550,  2,  0, 379.52
2007-07-25, 17:37, 39288.73, 2007.564,  2,  5, 375.15
2007-08-03, 18:27, 39297.77, 2007.588,  2,  0, 375.38
2007-08-10, 18:20, 39304.76, 2007.608,  2,  0, 373.98
2007-08-15, 17:57, 39309.75, 2007.621,  2,  0, 371.69
2007-08-22, 19:05, 39316.80, 2007.641,  2,  0, 372.57
2007-08-30, 17:51, 39324.74, 2007.662,  2,  0, 372.49
2007-09-06, 17:36, 39331.73, 2007.681,  2,  0, 373.30
2007-09-12, 17:50, 39337.74, 2007.698,  2,  0, 375.43
2007-09-20, 17:49, 39345.74, 2007.720,  2,  4, 375.66
2007-09-27, 18:49, 39352.78, 2007.739,  2,  0, 377.87
2007-10-03, 18:08, 39358.76, 2007.755,  2,  0, 377.83
2007-10-10, 17:52, 39365.74, 2007.775,  2,  0, 379.14
2007-10-17, 18:35, 39372.77, 2007.794,  2,  0, 380.76
2007-10-24, 17:23, 39379.72, 2007.813,  2,  0, 383.70
2007-11-01, 17:49, 39387.74, 2007.835,  2,  0, 382.18
2007-11-07, 18:40, 39393.78, 2007.851,  2,  0, 383.59
2007-11-15, 19:22, 39401.81, 2007.873,  2,  0, 384.17
2007-11-21, 18:31, 39407.77, 2007.890,  2,  0, 384.81
2007-11-28, 18:59, 39414.79, 2007.909,  1,  4, 387.99
2007-12-19, 18:46, 39435.78, 2007.967,  2,  4, 390.71
2007-12-26, 18:52, 39442.79, 2007.986,  2,  5, 394.06
2008-01-05, 20:26, 39452.85, 2008.013,  2,  0, 390.42
2008-01-09, 19:41, 39456.82, 2008.024,  2,  0, 390.64
2008-01-15, 18:56, 39462.79, 2008.040,  2,  0, 389.20
2008-01-23, 16:03, 39470.67, 2008.062,  1,  4, 390.11
2008-01-30, 14:10, 39477.59, 2008.081,  2,  0, 390.01
2008-02-06, 15:19, 39484.64, 2008.100,  2,  0, 390.46
2008-02-12, 18:45, 39490.78, 2008.117,  2,  0, 390.78
2008-02-22, 18:49, 39500.78, 2008.144,  2,  0, 391.24
2008-02-27, 18:36, 39505.77, 2008.158,  2,  5, 394.75
2008-03-05, 18:31, 39512.77, 2008.177,  2,  0, 393.16
2008-03-12, 17:28, 39519.73, 2008.196,  2,  0, 391.21
2008-03-20, 18:42, 39527.78, 2008.218,  2,  0, 391.96
2008-03-26, 17:22, 39533.72, 2008.234,  2,  0, 393.81
2008-04-02, 17:46, 39540.74, 2008.253,  2,  0, 392.26
2008-04-09, 17:23, 39547.72, 2008.272,  2,  0, 391.83
2008-04-16, 18:57, 39554.79, 2008.292,  2,  0, 392.54
2008-04-24, 18:05, 39562.75, 2008.314,  1,  4, 392.97
2008-05-01, 17:26, 39569.73, 2008.333,  2,  0, 392.68
2008-05-21, 18:40, 39589.78, 2008.387,  2,  0, 391.80
2008-05-30, 18:09, 39598.76, 2008.412,  2,  0, 392.78
2008-06-04, 17:53, 39603.75, 2008.426,  2,  0, 391.45
2008-06-11, 18:18, 39610.76, 2008.445,  2,  0, 390.31
2008-06-20, 07:31, 39619.31, 2008.468,  2,  0, 387.84
2008-06-26, 22:26, 39625.93, 2008.486,  2,  0, 387.19
2008-07-04, 18:00, 39633.75, 2008.508,  2,  0, 386.37
2008-07-09, 18:48, 39638.78, 2008.521,  2,  0, 383.82
2008-07-16, 18:07, 39645.75, 2008.540,  2,  0, 383.03
2008-07-23, 18:06, 39652.75, 2008.559,  1,  4, 381.51
2008-07-30, 17:40, 39659.74, 2008.579,  1,  4, 380.34
2008-09-19, 14:57, 39710.62, 2008.718,  2,  0, 377.29
2008-09-24, 13:25, 39715.56, 2008.731,  2,  0, 379.53
2008-10-01, 16:02, 39722.67, 2008.750,  2,  0, 379.24
2008-10-08, 17:16, 39729.72, 2008.770,  2,  0, 381.01
2008-10-15, 17:59, 39736.75, 2008.789,  2,  0, 381.84
2008-10-22, 17:16, 39743.72, 2008.808,  2,  0, 382.24
2008-10-29, 17:36, 39750.73, 2008.827,  2,  0, 383.03
2008-11-07, 14:54, 39759.62, 2008.851,  2,  0, 385.97
2008-11-12, 18:16, 39764.76, 2008.865,  2,  0, 387.64
2008-11-19, 18:11, 39771.76, 2008.885,  2,  0, 389.28
2008-11-26, 15:06, 39778.63, 2008.903,  2,  0, 390.05
2008-12-03, 17:16, 39785.72, 2008.923,  2,  0, 388.31
2008-12-11, 15:47, 39793.66, 2008.944,  2,  0, 390.61
2008-12-18, 19:09, 39800.80, 2008.964,  2,  0, 390.18
2008-12-24, 13:24, 39806.56, 2008.980,  2,  0, 389.46
2008-12-31, 18:47, 39813.78, 2008.999,  2,  0, 391.43
2009-01-08, 17:59, 39821.75, 2009.021,  2,  0, 393.30
2009-01-15, 15:14, 39828.63, 2009.040,  2,  0, 392.99
2009-01-23, 15:18, 39836.64, 2009.062,  2,  0, 394.10
2009-01-28, 14:24, 39841.60, 2009.076,  2,  0, 392.69
2009-02-04, 15:28, 39848.64, 2009.095,  2,  0, 392.12
2009-02-11, 14:48, 39855.62, 2009.114,  2,  0, 392.28
2009-02-19, 15:47, 39863.66, 2009.136,  2,  4, 391.38
2009-02-25, 14:46, 39869.61, 2009.152,  2,  4, 391.42
2009-03-06, 15:37, 39878.65, 2009.177,  2,  0, 391.93
2009-03-13, 14:10, 39885.59, 2009.196,  2,  0, 394.83
2009-03-18, 14:44, 39890.61, 2009.210,  1,  4, 392.75
2009-04-01, 17:44, 39904.74, 2009.249,  2,  4, 399.80
2009-04-08, 13:43, 39911.57, 2009.267,  2,  0, 393.47
2009-04-16, 17:57, 39919.75, 2009.290,  2,  0, 394.00
2009-04-22, 13:35, 39925.57, 2009.306,  2,  0, 394.27
2009-05-01, 15:58, 39934.66, 2009.331,  2,  0, 394.32
2009-05-08, 14:33, 39941.61, 2009.350,  2,  0, 393.53
2009-05-13, 17:08, 39946.71, 2009.364,  2,  0, 393.78
2009-05-22, 14:10, 39955.59, 2009.388,  2,  4, 393.22
2009-05-29, 14:52, 39962.62, 2009.407,  2,  0, 393.95
2009-06-03, 17:16, 39967.72, 2009.421,  1,  4, 393.12
2009-06-10, 16:12, 39974.68, 2009.440,  2,  0, 392.13
2009-06-19, 15:32, 39983.65, 2009.465,  2,  0, 390.51
2009-06-26, 15:10, 39990.63, 2009.484,  2,  0, 389.72
2009-07-01, 15:57, 39995.66, 2009.498,  2,  0, 389.97
2009-07-08, 15:17, 40002.64, 2009.517,  2,  0, 386.52
2009-07-17, 14:10, 40011.59, 2009.541,  2,  0, 384.68
2009-07-22, 19:19, 40016.80, 2009.556,  2,  0, 381.71
2009-07-29, 17:30, 40023.73, 2009.575,  2,  0, 380.99
2009-08-06, 14:36, 40031.61, 2009.596,  2,  0, 379.26
2009-08-12, 14:27, 40037.60, 2009.613,  2,  0, 378.36
2009-08-19, 15:58, 40044.67, 2009.632,  2,  0, 377.50
2009-08-28, 14:12, 40053.59, 2009.656,  2,  0, 376.86
2009-09-04, 17:30, 40060.73, 2009.676,  2,  0, 376.54
2009-09-11, 13:54, 40067.58, 2009.695,  2,  0, 376.79
2009-09-17, 17:16, 40073.72, 2009.712,  2,  0, 377.41
2009-09-23, 14:51, 40079.62, 2009.728,  2,  0, 380.02
2009-10-01, 14:57, 40087.62, 2009.750,  2,  0, 379.76
2009-10-07, 14:21, 40093.60, 2009.766,  2,  0, 380.65
2009-10-14, 18:00, 40100.75, 2009.786,  2,  0, 383.33
2009-10-21, 15:15, 40107.64, 2009.804,  2,  0, 384.83
2009-11-04, 15:26, 40121.64, 2009.843,  2,  4, 385.57
2009-11-10, 16:02, 40127.67, 2009.859,  2,  0, 385.50
2009-11-18, 15:47, 40135.66, 2009.881,  2,  0, 388.12
2009-11-25, 17:48, 40142.74, 2009.901,  2,  0, 388.98
2009-12-02, 15:43, 40149.65, 2009.920,  2,  4, 408.53
2010-01-13, 15:19, 40191.64, 2010.035,  2,  0, 392.29
2010-01-20, 14:53, 40198.62, 2010.054,  2,  4, 408.35
2010-01-28, 14:14, 40206.59, 2010.076,  2,  4, 406.79
2010-02-03, 14:28, 40212.60, 2010.092,  2,  0, 393.44
2010-02-10, 15:02, 40219.63, 2010.111,  2,  4, 396.18
2010-02-17, 16:07, 40226.67, 2010.131,  2,  0, 393.41
2010-02-24, 15:37, 40233.65, 2010.150,  2,  0, 393.62
2010-03-03, 17:46, 40240.74, 2010.169,  2,  0, 393.58
2010-03-10, 16:11, 40247.67, 2010.188,  2,  0, 393.08
2010-03-17, 15:47, 40254.66, 2010.207,  2,  0, 393.85
2010-03-24, 14:32, 40261.61, 2010.226,  2,  4, 396.90
2010-03-31, 15:25, 40268.64, 2010.246,  2,  0, 394.07
2010-04-07, 17:26, 40275.73, 2010.265,  2,  0, 394.94
2010-04-14, 18:27, 40282.77, 2010.284,  2,  4, 396.13
2010-05-05, 14:28, 40303.60, 2010.341,  2,  0, 394.93
2010-05-12, 15:10, 40310.63, 2010.361,  2,  0, 396.63
2010-05-19, 15:24, 40317.64, 2010.380,  2,  0, 395.65
2010-05-26, 15:34, 40324.65, 2010.399,  2,  0, 394.92
2010-06-02, 15:49, 40331.66, 2010.418,  2,  4, 395.65
2010-06-09, 16:11, 40338.67, 2010.437,  2,  0, 395.32
2010-06-16, 14:02, 40345.58, 2010.456,  2,  4, 394.13
2010-06-23, 15:48, 40352.66, 2010.476,  2,  4, 392.67
2010-06-30, 14:16, 40359.59, 2010.495,  2,  4, 390.47
2010-07-07, 14:37, 40366.61, 2010.514,  2,  4, 386.74
2010-07-14, 14:30, 40373.60, 2010.533,  2,  0, 386.51
2010-07-21, 15:10, 40380.63, 2010.552,  2,  0, 385.55
2010-07-29, 14:17, 40388.59, 2010.574,  2,  0, 382.02
2010-08-04, 15:02, 40394.63, 2010.591,  2,  0, 381.61
2010-08-11, 13:37, 40401.57, 2010.610,  2,  0, 381.53
2010-08-19, 15:21, 40409.64, 2010.632,  2,  0, 381.43
2010-08-25, 13:11, 40415.55, 2010.648,  2,  0, 379.52
2010-09-02, 20:50, 40423.87, 2010.671,  2,  0, 380.81
2010-09-09, 14:12, 40430.59, 2010.689,  2,  0, 380.33
2010-09-15, 15:23, 40436.64, 2010.706,  2,  0, 382.45
2010-09-22, 14:16, 40443.59, 2010.725,  2,  0, 384.39
2010-09-29, 15:09, 40450.63, 2010.744,  2,  0, 384.09
2010-10-06, 14:30, 40457.60, 2010.763,  2,  0, 384.44
2010-10-13, 15:25, 40464.64, 2010.783,  2,  0, 387.26
2010-10-20, 14:13, 40471.59, 2010.802,  2,  5, 391.26
2010-10-27, 16:56, 40478.71, 2010.821,  2,  0, 389.13
2010-11-05, 17:28, 40487.73, 2010.846,  2,  0, 389.69
2010-11-10, 16:44, 40492.70, 2010.859,  2,  0, 390.13
2010-11-17, 16:17, 40499.68, 2010.879,  2,  0, 391.99
2010-11-24, 18:07, 40506.75, 2010.898,  2,  0, 392.77
2010-12-01, 15:45, 40513.66, 2010.917,  2,  0, 393.24
2010-12-08, 20:42, 40520.86, 2010.937,  2,  0, 393.62
2010-12-15, 17:05, 40527.71, 2010.955,  2,  0, 394.17
2010-12-22, 18:12, 40534.76, 2010.975,  2,  0, 392.33
2010-12-29, 16:09, 40541.67, 2010.994,  2,  0, 395.93
2011-01-05, 18:25, 40548.77, 2011.013,  2,  0, 394.38
2011-01-12, 16:02, 40555.67, 2011.032,  2,  4, 398.02
2011-01-19, 16:27, 40562.69, 2011.051,  2,  0, 395.37
2011-01-26, 15:31, 40569.65, 2011.070,  2,  0, 395.93
2011-02-02, 16:40, 40576.69, 2011.090,  2,  5, 402.11
2011-02-09, 15:11, 40583.63, 2011.109,  2,  4, 396.71
2011-02-17, 17:23, 40591.72, 2011.131,  2,  0, 396.14
2011-02-23, 15:08, 40597.63, 2011.147,  2,  0, 396.33
2011-03-03, 17:40, 40605.74, 2011.169,  2,  0, 398.19
2011-03-09, 14:38, 40611.61, 2011.185,  2,  0, 397.19
2011-03-18, 15:02, 40620.63, 2011.210,  2,  0, 397.40
2011-03-23, 19:23, 40625.81, 2011.224,  2,  0, 396.95
2011-03-30, 17:41, 40632.74, 2011.243,  2,  0, 397.43
2011-04-06, 14:53, 40639.62, 2011.262,  2,  0, 397.85
2011-04-13, 15:52, 40646.66, 2011.281,  2,  0, 398.52
2011-04-20, 14:51, 40653.62, 2011.300,  2,  0, 397.95
2011-04-27, 17:09, 40660.71, 2011.320,  2,  0, 398.03
2011-05-04, 14:09, 40667.59, 2011.339,  2,  0, 398.23
2011-05-11, 15:33, 40674.65, 2011.358,  2,  0, 398.52
2011-05-18, 14:47, 40681.62, 2011.377,  2,  0, 398.24
2011-05-26, 17:47, 40689.74, 2011.399,  2,  0, 398.20
2011-06-01, 18:01, 40695.75, 2011.416,  2,  4, 397.32
2011-06-08, 17:27, 40702.73, 2011.435,  2,  0, 396.81
2011-06-16, 16:49, 40710.70, 2011.457,  2,  0, 394.08
2011-08-18, 18:53, 40773.79, 2011.630,  2,  0, 380.29
2011-08-24, 15:55, 40779.66, 2011.646,  1,  4, 380.81
2011-09-02, 14:35, 40788.61, 2011.670,  2,  4, 381.38
2011-09-07, 13:57, 40793.58, 2011.684,  1,  4, 380.47
2011-09-15, 14:12, 40801.59, 2011.706,  2,  0, 381.59
2011-09-21, 13:58, 40807.58, 2011.722,  2,  0, 382.38
2011-09-28, 14:27, 40814.60, 2011.741,  2,  0, 384.19
2011-10-05, 13:48, 40821.57, 2011.760,  2,  0, 385.78
2011-10-12, 14:41, 40828.61, 2011.780,  2,  0, 387.04
2011-10-21, 14:24, 40837.60, 2011.804,  2,  0, 389.66
2011-10-26, 14:17, 40842.60, 2011.818,  2,  0, 389.47
2011-11-02, 13:33, 40849.56, 2011.837,  2,  0, 391.74
2011-11-09, 15:06, 40856.63, 2011.857,  1,  4, 402.92
2011-11-17, 14:33, 40864.61, 2011.878,  2,  0, 392.57
2011-11-24, 15:28, 40871.64, 2011.898,  2,  0, 395.73
2011-12-02, 14:33, 40879.61, 2011.919,  2,  0, 396.49
2011-12-07, 16:48, 40884.70, 2011.933,  2,  0, 395.20
2011-12-14, 14:25, 40891.60, 2011.952,  2,  0, 396.52
2011-12-21, 15:46, 40898.66, 2011.972,  2,  0, 396.11
2011-12-30, 19:45, 40907.82, 2011.997,  2,  4, 397.86
2012-01-04, 16:40, 40912.69, 2012.010,  2,  0, 399.82
2012-01-11, 14:39, 40919.61, 2012.029,  2,  0, 397.73
2012-01-20, 15:25, 40928.64, 2012.054,  2,  0, 398.61
2012-01-25, 14:33, 40933.61, 2012.067,  2,  4, 398.19
2012-02-01, 17:43, 40940.74, 2012.087,  2,  0, 397.52
2012-02-09, 15:43, 40948.65, 2012.108,  2,  0, 397.59
2012-02-15, 18:03, 40954.75, 2012.125,  2,  4, 401.96
2012-02-23, 19:37, 40962.82, 2012.147,  2,  0, 400.25
2012-03-02, 15:51, 40970.66, 2012.168,  2,  0, 398.79
2012-03-07, 15:12, 40975.63, 2012.182,  2,  0, 398.73
2012-03-16, 13:28, 40984.56, 2012.206,  2,  0, 398.86
2012-03-22, 13:34, 40990.57, 2012.223,  2,  0, 399.91
2012-03-28, 14:26, 40996.60, 2012.239,  2,  0, 399.42
2012-04-04, 17:50, 41003.74, 2012.259,  2,  0, 399.64
2012-04-13, 13:24, 41012.56, 2012.283,  2,  0, 399.84
2012-04-20, 13:10, 41019.55, 2012.302,  2,  0, 400.06
2012-05-18, 13:08, 41047.55, 2012.379,  2,  0, 400.21
2012-05-25, 13:26, 41054.56, 2012.398,  2,  0, 399.90
2012-06-01, 14:12, 41061.59, 2012.417,  2,  0, 398.48
2012-06-08, 13:58, 41068.58, 2012.436,  2,  0, 399.63
2012-06-13, 13:07, 41073.55, 2012.450,  2,  0, 398.25
2012-06-22, 13:52, 41082.58, 2012.474,  2,  5, 393.03
2012-06-27, 13:08, 41087.55, 2012.488,  2,  0, 393.15
2012-07-04, 18:58, 41094.79, 2012.508,  2,  0, 393.41
2012-07-11, 13:39, 41101.57, 2012.526,  2,  0, 390.62
2012-07-25, 13:33, 41115.56, 2012.564,  2,  0, 386.19
2012-08-08, 13:16, 41129.55, 2012.603,  2,  0, 383.50
2012-09-14, 15:54, 41166.66, 2012.704,  2,  4, 386.22
2012-09-19, 14:01, 41171.58, 2012.717,  2,  0, 386.38
2012-09-26, 14:09, 41178.59, 2012.737,  2,  0, 387.72
2012-10-03, 17:38, 41185.73, 2012.756,  2,  0, 387.81
2012-10-10, 14:32, 41192.61, 2012.775,  2,  0, 389.21
2012-10-24, 15:07, 41206.63, 2012.813,  2,  0, 392.22
2012-11-07, 15:42, 41220.65, 2012.852,  2,  0, 394.76
2012-11-21, 14:55, 41234.62, 2012.890,  2,  0, 396.60
2012-12-07, 16:22, 41250.68, 2012.934,  2,  4, 403.27
2012-12-19, 15:28, 41262.64, 2012.966,  2,  0, 399.52
2013-01-05, 21:34, 41279.90, 2013.013,  2,  0, 401.15
2013-01-17, 15:12, 41291.63, 2013.046,  2,  0, 399.84
2013-01-30, 15:33, 41304.65, 2013.081,  2,  0, 401.60
2013-02-14, 16:37, 41319.69, 2013.122,  2,  0, 400.38
2013-02-28, 19:37, 41333.82, 2013.161,  2,  0, 402.58
2013-03-13, 15:41, 41346.65, 2013.196,  2,  4, 403.09
2013-03-27, 14:31, 41360.60, 2013.235,  2,  0, 401.54
2013-04-10, 14:31, 41374.60, 2013.273,  2,  0, 401.74
2013-04-24, 14:20, 41388.60, 2013.311,  2,  4, 401.86
2013-05-10, 14:58, 41404.62, 2013.355,  2,  4, 404.41
2013-05-22, 15:21, 41416.64, 2013.388,  1,  4, 402.77
2013-06-05, 15:20, 41430.64, 2013.426,  2,  0, 401.75
2013-06-19, 14:33, 41444.61, 2013.465,  2,  0, 399.99
2013-07-05, 15:09, 41460.63, 2013.509,  2,  0, 398.70
2013-07-17, 16:28, 41472.69, 2013.542,  2,  0, 393.23
2013-07-31, 15:39, 41486.65, 2013.580,  2,  0, 390.58
2013-08-14, 14:01, 41500.58, 2013.618,  2,  4, 390.27
2013-08-28, 14:33, 41514.61, 2013.656,  2,  0, 387.19
2013-09-12, 18:02, 41529.75, 2013.698,  2,  4, 388.16
2013-09-25, 16:07, 41542.67, 2013.733,  2,  0, 389.36
2013-10-09, 16:53, 41556.70, 2013.772,  2,  0, 392.47
2013-10-25, 16:38, 41572.69, 2013.816,  2,  0, 396.42
2013-11-08, 17:46, 41586.74, 2013.854,  2,  0, 398.65
2013-11-21, 18:05, 41599.75, 2013.890,  2,  4, 400.53
2013-12-04, 15:57, 41612.66, 2013.925,  2,  0, 400.49
2013-12-18, 18:05, 41626.75, 2013.964,  2,  4, 402.88
2014-01-02, 19:20, 41641.81, 2014.005,  1,  4, 460.95
2014-01-15, 13:33, 41654.56, 2014.040,  2,  4, 401.76
2014-01-30, 19:57, 41669.83, 2014.082,  2,  4, 455.94
2014-02-12, 17:08, 41682.71, 2014.117,  2,  0, 404.28
2014-02-26, 19:05, 41696.79, 2014.156,  2,  4, 520.87
2014-03-12, 14:48, 41710.62, 2014.193,  2,  0, 407.48
2014-03-26, 16:15, 41724.68, 2014.232,  2,  0, 405.94
2014-04-09, 14:54, 41738.62, 2014.270,  2,  0, 404.77
2014-04-24, 16:13, 41753.68, 2014.311,  2,  0, 404.98
2014-05-07, 16:36, 41766.69, 2014.347,  2,  4, 405.47
2014-05-22, 17:46, 41781.74, 2014.388,  2,  0, 405.38
2014-06-04, 17:40, 41794.74, 2014.424,  2,  0, 404.60
2014-06-20, 21:20, 41810.89, 2014.468,  2,  0, 402.74
2014-07-03, 17:48, 41823.74, 2014.503,  2,  0, 399.01
2014-07-16, 15:57, 41836.66, 2014.539,  2,  0, 396.32
2014-07-31, 14:09, 41851.59, 2014.580,  2,  0, 392.20
2014-08-15, 14:27, 41866.60, 2014.621,  2,  0, 390.00
2014-08-27, 14:12, 41878.59, 2014.654,  2,  0, 388.82
2014-09-11, 13:38, 41893.57, 2014.695,  2,  4, 398.12
2014-09-25, 17:51, 41907.74, 2014.734,  1,  4, 390.98
2014-10-10, 14:15, 41922.59, 2014.774,  1,  4, 394.03
2014-10-23, 14:43, 41935.61, 2014.810,  1,  4, 396.52
2014-11-05, 16:24, 41948.68, 2014.846,  2,  0, 396.64
2014-11-19, 15:38, 41962.65, 2014.884,  2,  0, 400.77
2014-12-03, 15:16, 41976.64, 2014.922,  2,  0, 402.43
2014-12-17, 16:32, 41990.69, 2014.961,  2,  0, 404.39
2015-01-02, 15:20, 42006.64, 2015.004,  2,  4, 406.07
2015-01-14, 15:52, 42018.66, 2015.037,  2,  0, 403.71
2015-01-29, 17:33, 42033.73, 2015.079,  2,  0, 404.58
2015-02-11, 16:08, 42046.67, 2015.114,  2,  0, 407.31
2015-02-25, 17:27, 42060.73, 2015.153,  2,  0, 408.83
2015-03-13, 15:58, 42076.66, 2015.196,  2,  0, 408.54
2015-03-25, 14:28, 42088.60, 2015.229,  2,  0, 407.25
2015-04-08, 14:58, 42102.62, 2015.267,  2,  0, 406.28
2015-04-22, 14:39, 42116.61, 2015.306,  2,  0, 407.37
2015-05-07, 16:15, 42131.68, 2015.347,  2,  0, 407.41
2015-05-22, 14:51, 42146.62, 2015.388,  2,  4, 407.06
2015-06-03, 14:17, 42158.60, 2015.421,  2,  4, 405.86
2015-06-18, 14:16, 42173.59, 2015.462,  2,  0, 404.06
2015-07-01, 13:19, 42186.55, 2015.497,  2,  0, 402.83
2015-07-15, 14:14, 42200.59, 2015.536,  2,  0, 396.46
2015-07-29, 14:15, 42214.59, 2015.574,  2,  4, 406.34
2015-08-14, 13:21, 42230.56, 2015.618,  2,  0, 391.04
2015-08-27, 13:52, 42243.58, 2015.654,  2,  0, 390.78
2015-09-10, 15:48, 42257.66, 2015.692,  2,  0, 392.16
2015-09-23, 15:14, 42270.63, 2015.728,  2,  0, 393.08
2015-10-07, 15:27, 42284.64, 2015.766,  2,  0, 396.65
2015-10-21, 17:46, 42298.74, 2015.805,  2,  0, 397.21
2015-11-04, 11:15, 42312.47, 2015.842,  2,  0, 402.67
2015-11-18, 17:55, 42326.75, 2015.881,  2,  0, 403.72
2015-12-02, 18:52, 42340.79, 2015.920,  2,  0, 404.69
2015-12-16, 15:16, 42354.64, 2015.958,  2,  0, 406.64
2016-01-13, 16:57, 42382.71, 2016.035,  2,  0, 405.89
2016-01-27, 17:03, 42396.71, 2016.073,  2,  0, 407.73
2016-02-10, 16:05, 42410.67, 2016.111,  2,  0, 410.16
2016-02-24, 19:07, 42424.80, 2016.150,  2,  0, 407.77
2016-03-09, 18:05, 42438.75, 2016.188,  2,  0, 408.67
2016-03-23, 17:35, 42452.73, 2016.226,  2,  0, 409.37
2016-04-06, 16:25, 42466.68, 2016.264,  2,  0, 409.69
2016-04-20, 15:48, 42480.66, 2016.302,  2,  0, 409.37
2016-05-06, 15:32, 42496.65, 2016.346,  2,  0, 409.63
2016-05-18, 14:55, 42508.62, 2016.379,  2,  0, 408.80
2016-06-01, 15:19, 42522.64, 2016.417,  2,  0, 409.23
2016-06-18, 14:23, 42539.60, 2016.463,  2,  0, 405.38
2016-06-30, 15:21, 42551.64, 2016.496,  2,  5, 401.10
2016-07-14, 14:45, 42565.61, 2016.534,  2,  0, 399.94
2016-07-27, 15:23, 42578.64, 2016.570,  2,  0, 396.18
2016-08-12, 15:46, 42594.66, 2016.614,  2,  0, 393.84
2016-08-24, 15:26, 42606.64, 2016.647,  2,  4, 394.11
2016-09-08, 15:15, 42621.64, 2016.688,  2,  0, 393.25
2016-09-21, 17:03, 42634.71, 2016.723,  2,  0, 395.54
2016-10-05, 16:59, 42648.71, 2016.761,  2,  0, 399.49
2016-10-21, 15:11, 42664.63, 2016.805,  2,  0, 400.90
2016-11-02, 16:25, 42676.68, 2016.838,  2,  0, 403.57
2016-11-16, 16:25, 42690.68, 2016.876,  2,  0, 405.33
2016-11-30, 15:51, 42704.66, 2016.914,  2,  0, 408.29
2016-12-15, 15:39, 42719.65, 2016.955,  2,  0, 408.99
2016-12-30, 17:31, 42734.73, 2016.997,  2,  0, 410.79
2017-01-11, 16:57, 42746.71, 2017.029,  2,  0, 411.89
2017-01-25, 17:15, 42760.72, 2017.068,  2,  0, 413.19
2017-02-10, 16:17, 42776.68, 2017.111,  2,  0, 410.97
2017-02-24, 20:22, 42790.85, 2017.150,  2,  0, 413.81
2017-03-08, 16:57, 42802.71, 2017.183,  2,  0, 413.06
2017-03-22, 15:48, 42816.66, 2017.221,  2,  0, 414.10
2017-04-05, 16:55, 42830.70, 2017.259,  2,  0, 413.69
2017-04-19, 16:31, 42844.69, 2017.298,  2,  0, 413.27
2017-05-04, 17:30, 42859.73, 2017.339,  2,  0, 413.64
2017-05-17, 15:06, 42872.63, 2017.374,  2,  4, 414.16
2017-05-31, 14:45, 42886.61, 2017.413,  2,  0, 413.16
2017-06-14, 18:11, 42900.76, 2017.451,  2,  0, 410.83
2017-06-29, 16:03, 42915.67, 2017.492,  2,  0, 410.80
2017-07-15, 15:35, 42931.65, 2017.536,  2,  4, 403.62
2017-07-26, 14:47, 42942.62, 2017.566,  2,  0, 400.69
2017-08-09, 14:33, 42956.61, 2017.604,  2,  0, 397.85
2017-08-25, 16:06, 42972.67, 2017.648,  2,  0, 396.10
2017-09-06, 16:27, 42984.69, 2017.681,  2,  0, 396.30
2017-09-20, 16:45, 42998.70, 2017.720,  2,  0, 398.74
2017-10-05, 15:45, 43013.66, 2017.761,  2,  0, 400.37
2017-10-18, 14:57, 43026.62, 2017.796,  2,  0, 403.27
2017-11-01, 14:56, 43040.62, 2017.835,  2,  0, 405.50
2017-11-15, 16:20, 43054.68, 2017.873,  2,  0, 408.26
2017-11-29, 15:49, 43068.66, 2017.911,  2,  0, 409.01
2017-12-13, 15:53, 43082.66, 2017.950,  2,  0, 410.18
2017-12-27, 15:40, 43096.65, 2017.988,  2,  0, 410.83
2018-01-10, 15:23, 43110.64, 2018.026,  2,  0, 413.21
2018-02-08, 16:07, 43139.67, 2018.106,  1,  4, 414.83
2018-02-22, 15:29, 43153.65, 2018.144,  2,  0, 413.53
2018-03-07, 15:08, 43166.63, 2018.180,  2,  0, 414.09
2018-03-21, 14:33, 43180.61, 2018.218,  2,  0, 413.71
2018-04-06, 15:03, 43196.63, 2018.262,  2,  0, 415.28
2018-04-18, 16:02, 43208.67, 2018.295,  2,  0, 416.17
2018-05-02, 14:17, 43222.60, 2018.333,  2,  0, 415.63
2018-05-18, 16:36, 43238.69, 2018.377,  2,  0, 414.65
2018-06-01, 15:31, 43252.65, 2018.415,  2,  0, 414.93
2018-06-13, 15:57, 43264.66, 2018.448,  2,  0, 414.31
2018-06-29, 16:56, 43280.71, 2018.492,  2,  4, 413.50
2018-07-11, 14:03, 43292.59, 2018.525,  2,  0, 407.25
2018-07-24, 13:53, 43305.58, 2018.560,  2,  0, 404.25
2018-08-07, 14:07, 43319.59, 2018.599,  2,  0, 399.88
2018-08-25, 18:09, 43337.76, 2018.649,  2,  0, 397.88
2018-09-05, 20:07, 43348.84, 2018.679,  2,  0, 399.75
2018-09-21, 15:19, 43364.64, 2018.722,  2,  0, 400.23
2018-10-03, 15:42, 43376.65, 2018.755,  1,  4, 402.03
2018-10-17, 17:45, 43390.74, 2018.794,  2,  0, 404.44
2018-10-31, 16:03, 43404.67, 2018.832,  2,  4, 408.59
2018-11-14, 16:54, 43418.70, 2018.870,  2,  0, 409.21
2018-11-29, 16:16, 43433.68, 2018.911,  2,  0, 411.88
2018-12-14, 15:49, 43448.66, 2018.952,  2,  0, 413.13
2018-12-26, 15:18, 43460.64, 2018.985,  2,  0, 414.47
2019-01-09, 19:46, 43474.82, 2019.024,  2,  0, 414.78
2019-01-23, 15:04, 43488.63, 2019.062,  2,  0, 414.38
2019-02-06, 16:16, 43502.68, 2019.100,  2,  0, 415.38
2019-02-20, 16:02, 43516.67, 2019.139,  2,  0, 416.03
2019-03-07, 17:14, 43531.72, 2019.180,  2,  0, 417.35
2019-04-04, 17:34, 43559.73, 2019.257,  2,  0, 418.56
2019-04-19, 15:51, 43574.66, 2019.298,  2,  4, 417.37
2019-04-24, 15:03, 43579.63, 2019.311,  2,  0, 418.12
2019-05-02, 19:13, 43587.80, 2019.334,  2,  0, 417.81
2019-05-15, 17:19, 43600.72, 2019.369,  2,  0, 417.28
2019-05-31, 15:41, 43616.65, 2019.413,  2,  0, 416.58
2019-06-12, 18:08, 43628.76, 2019.446,  2,  4, 1358.09
2019-06-27, 14:16, 43643.59, 2019.487,  2,  0, 411.75
2019-07-10, 14:27, 43656.60, 2019.522,  2,  0, 409.00
2019-07-26, 14:39, 43672.61, 2019.566,  2,  0, 405.24
2019-08-08, 14:26, 43685.60, 2019.602,  2,  0, 402.38
2019-08-21, 15:05, 43698.63, 2019.637,  2,  0, 399.74
