"-------------------------------------------------------------------------------------------"
" Monthly average CO2 concentrations (ppm) derived from flask air samples                   "
" Alert, NWT, Canada: Latitude 82.3N Longitude 62.3W Elevation 210m                         "
"                                                                                           "
" Source: R. F. Keeling, S. C. Piper, A. F. Bollenbacher and S. J. Walker                   "
" Scripps CO2 Program ( http://scrippsco2.ucsd.edu )                                        "
" Scripps Institution of Oceanography (SIO)                                                 "
" University of California                                                                  "
" La Jolla, California USA 92093-0244                                                       "
"                                                                                           "
" Status of data and correspondence:                                                        "
"                                                                                           "
" These data are subject to revision based on recalibration of standard gases. Questions    "
" about the data should be directed to Dr. Ralph Keeling (rkeeling@ucsd.edu) and            "
" and Dr. Stephen Piper (scpiper@popmail.ucsd.edu), Scripps CO2 Program.                    "
"                                                                                           "
" Flask data in this file through 21-Aug-2019 last updated 05-Nov-2019                      "
"                                                                                           "
"-------------------------------------------------------------------------------------------"
"                                                                                           "
" Please cite as:                                                                           "
"                                                                                           "
" C. D. Keeling, S. C. Piper, R. B. Bacastow, M. Wahlen, T. P. Whorf, M. Heimann, and       "
" H. A. Meijer, Exchanges of atmospheric CO2 and 13CO2 with the terrestrial biosphere and   "
" oceans from 1978 to 2000.  I. Global aspects, SIO Reference Series, No. 01-06, Scripps    "
" Institution of Oceanography, San Diego, 88 pages, 2001.                                   "
"                                                                                           "
" If it is necessary to cite a peer-reviewed article, please cite as:                       "
"                                                                                           "
" C. D. Keeling, S. C. Piper, R. B. Bacastow, M. Wahlen, T. P. Whorf, M. Heimann, and       "
" H. A. Meijer, Atmospheric CO2 and 13CO2 exchange with the terrestrial biosphere and       "
" oceans from 1978 to 2000: observations and carbon cycle implications, pages 83-113,       "
" in "A History of Atmospheric CO2 and its effects on Plants, Animals, and Ecosystems",     "
" editors, Ehleringer, J.R., T. E. Cerling, M. D. Dearing, Springer Verlag,                 "
" New York, 2005.                                                                           "
"                                                                                           "
"-------------------------------------------------------------------------------------------"
"                                                                                           "
" The data file below contains 10 columns.  Columns 1-4 give the dates in several redundant "
" formats. Column 5 below gives monthly CO2 concentrations in micro-mol CO2 per mole (ppm)  "
" reported on the 2008A SIO manometric mole fraction scale.  This is the standard           "
" version of the data most often sought.  The monthly values have been adjusted             "
" to 24:00 hours on the 15th of each month.  Column 6 gives the same data after a seasonal  "
" adjustment to remove the quasi-regular seasonal cycle.  The adjustment involves           "
" subtracting from the data a 4-harmonic fit with a linear gain factor.  Column 7 is a      "
" smoothed version of the data generated from a stiff cubic spline function plus 4-harmonic "
" functions with linear gain.  Column 8 is the same smoothed version with the seasonal      "
" cycle removed.  Column 9 is identical to Column 5 except that the missing values from     "
" Column 5 have been filled with values from Column 7.  Column 10 is identical to Column 6  "
" except missing values have been filled with values from Column 8.  Missing values are     "
" denoted by -99.99                                                                         "
"                                                                                           "
" CO2 concentrations are measured on the '08A' calibration scale                            "
"                                                                                           "
  Yr, Mn,    Date,      Date,     CO2,seasonally,        fit,  seasonally,      CO2, seasonally
    ,   ,        ,          ,        ,  adjusted,           ,adjusted fit,   filled,adjusted filled
    ,   ,   Excel,          ,   [ppm],    [ppm] ,      [ppm],    [ppm],       [ppm],    [ppm]
1985, 01,   31062, 1985.0411,   -99.99,   -99.99,     -99.99,   -99.99,     -99.99,   -99.99
1985, 02,   31093, 1985.1260,   -99.99,   -99.99,     -99.99,   -99.99,     -99.99,   -99.99
1985, 03,   31121, 1985.2027,   -99.99,   -99.99,     -99.99,   -99.99,     -99.99,   -99.99
1985, 04,   31152, 1985.2877,   -99.99,   -99.99,     -99.99,   -99.99,     -99.99,   -99.99
1985, 05,   31182, 1985.3699,   352.76,   347.98,     351.82,   347.05,     352.76,   347.98
1985, 06,   31213, 1985.4548,   348.19,   345.37,     349.90,   347.15,     348.19,   345.37
1985, 07,   31243, 1985.5370,   343.36,   346.66,     343.83,   347.26,     343.36,   346.66
1985, 08,   31274, 1985.6219,   -99.99,   -99.99,     338.09,   347.37,     338.09,   347.37
1985, 09,   31305, 1985.7068,   338.64,   347.44,     338.74,   347.49,     338.64,   347.44
1985, 10,   31335, 1985.7890,   342.80,   347.23,     343.24,   347.60,     342.80,   347.23
1985, 11,   31366, 1985.8740,   347.12,   347.46,     347.43,   347.72,     347.12,   347.46
1985, 12,   31396, 1985.9562,   350.26,   348.06,     350.06,   347.83,     350.26,   348.06
1986, 01,   31427, 1986.0411,   351.16,   347.67,     351.45,   347.95,     351.16,   347.67
1986, 02,   31458, 1986.1260,   351.66,   347.55,     352.18,   348.06,     351.66,   347.55
1986, 03,   31486, 1986.2027,   352.83,   348.34,     352.66,   348.16,     352.83,   348.34
1986, 04,   31517, 1986.2877,   353.11,   348.45,     352.93,   348.26,     353.11,   348.45
1986, 05,   31547, 1986.3699,   353.71,   348.89,     353.17,   348.36,     353.71,   348.89
1986, 06,   31578, 1986.4548,   351.80,   348.96,     351.21,   348.44,     351.80,   348.96
1986, 07,   31608, 1986.5370,   347.00,   350.32,     345.07,   348.52,     347.00,   350.32
1986, 08,   31639, 1986.6219,   340.59,   349.88,     339.24,   348.58,     340.59,   349.88
1986, 09,   31670, 1986.7068,   339.41,   348.27,     339.85,   348.65,     339.41,   348.27
1986, 10,   31700, 1986.7890,   344.31,   348.77,     344.33,   348.71,     344.31,   348.77
1986, 11,   31731, 1986.8740,   348.69,   349.04,     348.50,   348.79,     348.69,   349.04
1986, 12,   31761, 1986.9562,   349.52,   347.31,     351.12,   348.88,     349.52,   347.31
1987, 01,   31792, 1987.0411,   351.60,   348.08,     352.52,   349.00,     351.60,   348.08
1987, 02,   31823, 1987.1260,   352.25,   348.12,     353.27,   349.13,     352.25,   348.12
1987, 03,   31851, 1987.2027,   354.03,   349.51,     353.80,   349.27,     354.03,   349.51
1987, 04,   31882, 1987.2877,   353.71,   349.02,     354.14,   349.44,     353.71,   349.02
1987, 05,   31912, 1987.3699,   354.67,   349.83,     354.46,   349.62,     354.67,   349.83
1987, 06,   31943, 1987.4548,   352.95,   350.09,     352.60,   349.81,     352.95,   350.09
1987, 07,   31973, 1987.5370,   348.36,   351.70,     346.53,   349.99,     348.36,   351.70
1987, 08,   32004, 1987.6219,   341.17,   350.52,     340.79,   350.19,     341.17,   350.52
1987, 09,   32035, 1987.7068,   340.54,   349.45,     341.53,   350.38,     340.54,   349.45
1987, 10,   32065, 1987.7890,   346.19,   350.68,     346.16,   350.58,     346.19,   350.68
1987, 11,   32096, 1987.8740,   349.33,   349.67,     350.50,   350.79,     349.33,   349.67
1987, 12,   32126, 1987.9562,   352.67,   350.44,     353.27,   351.01,     352.67,   350.44
1988, 01,   32157, 1988.0410,   354.19,   350.65,     354.80,   351.25,     354.19,   350.65
1988, 02,   32188, 1988.1257,   355.54,   351.39,     355.67,   351.51,     355.54,   351.39
1988, 03,   32217, 1988.2049,   356.28,   351.72,     356.32,   351.76,     356.28,   351.72
1988, 04,   32248, 1988.2896,   357.29,   352.56,     356.76,   352.03,     357.29,   352.56
1988, 05,   32278, 1988.3716,   356.99,   352.12,     357.16,   352.29,     356.99,   352.12
1988, 06,   32309, 1988.4563,   356.31,   353.51,     355.29,   352.56,     356.31,   353.51
1988, 07,   32339, 1988.5383,   348.53,   352.01,     349.22,   352.82,     348.53,   352.01
1988, 08,   32370, 1988.6230,   344.18,   353.63,     343.59,   353.08,     344.18,   353.63
1988, 09,   32401, 1988.7077,   -99.99,   -99.99,     344.46,   353.34,     344.46,   353.34
1988, 10,   32431, 1988.7896,   349.60,   354.09,     349.16,   353.57,     349.60,   354.09
1988, 11,   32462, 1988.8743,   354.90,   355.24,     353.51,   353.80,     354.90,   355.24
1988, 12,   32492, 1988.9563,   357.52,   355.28,     356.28,   354.00,     357.52,   355.28
1989, 01,   32523, 1989.0411,   356.39,   352.83,     357.77,   354.20,     356.39,   352.83
1989, 02,   32554, 1989.1260,   358.92,   354.73,     358.58,   354.38,     358.92,   354.73
1989, 03,   32582, 1989.2027,   360.15,   355.57,     359.12,   354.53,     360.15,   355.57
1989, 04,   32613, 1989.2877,   359.58,   354.83,     359.45,   354.69,     359.58,   354.83
1989, 05,   32643, 1989.3699,   359.59,   354.68,     359.73,   354.83,     359.59,   354.68
1989, 06,   32674, 1989.4548,   357.76,   354.86,     357.78,   354.95,     357.76,   354.86
1989, 07,   32704, 1989.5370,   351.61,   355.00,     351.55,   355.07,     351.61,   355.00
1989, 08,   32735, 1989.6219,   345.79,   355.26,     345.65,   355.17,     345.79,   355.26
1989, 09,   32766, 1989.7068,   346.22,   355.25,     346.30,   355.27,     346.22,   355.25
1989, 10,   32796, 1989.7890,   349.94,   354.49,     350.87,   355.35,     349.94,   354.49
1989, 11,   32827, 1989.8740,   354.76,   355.11,     355.12,   355.42,     354.76,   355.11
1989, 12,   32857, 1989.9562,   358.35,   356.09,     357.77,   355.49,     358.35,   356.09
1990, 01,   32888, 1990.0411,   359.34,   355.76,     359.14,   355.54,     359.34,   355.76
1990, 02,   32919, 1990.1260,   360.17,   355.96,     359.82,   355.59,     360.17,   355.96
1990, 03,   32947, 1990.2027,   360.83,   356.22,     360.25,   355.64,     360.83,   356.22
1990, 04,   32978, 1990.2877,   360.65,   355.86,     360.47,   355.68,     360.65,   355.86
1990, 05,   33008, 1990.3699,   360.26,   355.32,     360.66,   355.73,     360.26,   355.32
1990, 06,   33039, 1990.4548,   357.76,   354.85,     358.63,   355.79,     357.76,   354.85
1990, 07,   33069, 1990.5370,   351.33,   354.74,     352.33,   355.86,     351.33,   354.74
1990, 08,   33100, 1990.6219,   346.25,   355.78,     346.37,   355.95,     346.25,   355.78
1990, 09,   33131, 1990.7068,   347.14,   356.23,     347.02,   356.05,     347.14,   356.23
1990, 10,   33161, 1990.7890,   350.85,   355.43,     351.66,   356.16,     350.85,   355.43
1990, 11,   33192, 1990.8740,   355.80,   356.15,     355.99,   356.29,     355.80,   356.15
1990, 12,   33222, 1990.9562,   358.48,   356.21,     358.72,   356.42,     358.48,   356.21
1991, 01,   33253, 1991.0411,   360.55,   356.94,     360.17,   356.56,     360.55,   356.94
1991, 02,   33284, 1991.1260,   362.10,   357.86,     360.95,   356.70,     362.10,   357.86
1991, 03,   33312, 1991.2027,   360.99,   356.34,     361.47,   356.82,     360.99,   356.34
1991, 04,   33343, 1991.2877,   361.93,   357.11,     361.77,   356.96,     361.93,   357.11
1991, 05,   33373, 1991.3699,   361.51,   356.54,     362.05,   357.08,     361.51,   356.54
1991, 06,   33404, 1991.4548,   359.93,   357.00,     360.07,   357.21,     359.93,   357.00
1991, 07,   33434, 1991.5370,   354.17,   357.61,     353.78,   357.33,     354.17,   357.61
1991, 08,   33465, 1991.6219,   347.59,   357.18,     347.81,   357.45,     347.59,   357.18
1991, 09,   33496, 1991.7068,   348.71,   357.85,     348.48,   357.56,     348.71,   357.85
1991, 10,   33526, 1991.7890,   352.98,   357.59,     353.13,   357.66,     352.98,   357.59
1991, 11,   33557, 1991.8740,   357.56,   357.92,     357.45,   357.75,     357.56,   357.92
1991, 12,   33587, 1991.9562,   359.99,   357.70,     360.13,   357.82,     359.99,   357.70
1992, 01,   33618, 1992.0410,   362.17,   358.55,     361.51,   357.87,     362.17,   358.55
1992, 02,   33649, 1992.1257,   362.21,   357.95,     362.18,   357.91,     362.21,   357.95
1992, 03,   33678, 1992.2049,   363.79,   359.12,     362.61,   357.92,     363.79,   359.12
1992, 04,   33709, 1992.2896,   362.64,   357.80,     362.78,   357.93,     362.64,   357.80
1992, 05,   33739, 1992.3716,   363.18,   358.18,     362.90,   357.91,     363.18,   358.18
1992, 06,   33770, 1992.4563,   361.65,   358.78,     360.69,   357.89,     361.65,   358.78
1992, 07,   33800, 1992.5383,   353.94,   357.51,     354.17,   357.87,     353.94,   357.51
1992, 08,   33831, 1992.6230,   347.00,   356.69,     348.10,   357.84,     347.00,   356.69
1992, 09,   33862, 1992.7077,   347.85,   357.01,     348.72,   357.83,     347.85,   357.01
1992, 10,   33892, 1992.7896,   352.23,   356.83,     353.30,   357.82,     352.23,   356.83
1992, 11,   33923, 1992.8743,   356.80,   357.15,     357.54,   357.83,     356.80,   357.15
1992, 12,   33953, 1992.9563,   361.08,   358.78,     360.18,   357.85,     361.08,   358.78
1993, 01,   33984, 1993.0411,   361.93,   358.28,     361.53,   357.87,     361.93,   358.28
1993, 02,   34015, 1993.1260,   361.93,   357.64,     362.20,   357.90,     361.93,   357.64
1993, 03,   34043, 1993.2027,   362.76,   358.07,     362.63,   357.93,     362.76,   358.07
1993, 04,   34074, 1993.2877,   363.52,   358.64,     362.84,   357.96,     363.52,   358.64
1993, 05,   34104, 1993.3699,   -99.99,   -99.99,     363.03,   358.00,     363.03,   358.00
1993, 06,   34135, 1993.4548,   361.00,   358.03,     360.95,   358.05,     361.00,   358.03
1993, 07,   34165, 1993.5370,   354.18,   357.65,     354.51,   358.11,     354.18,   357.65
1993, 08,   34196, 1993.6219,   348.11,   357.82,     348.43,   358.19,     348.11,   357.82
1993, 09,   34227, 1993.7068,   348.48,   357.73,     349.10,   358.29,     348.48,   357.73
1993, 10,   34257, 1993.7890,   353.40,   358.07,     353.82,   358.41,     353.40,   358.07
1993, 11,   34288, 1993.8740,   357.02,   357.38,     358.24,   358.55,     357.02,   357.38
1993, 12,   34318, 1993.9562,   360.36,   358.05,     361.04,   358.70,     360.36,   358.05
1994, 01,   34349, 1994.0411,   363.06,   359.39,     362.55,   358.86,     363.06,   359.39
1994, 02,   34380, 1994.1260,   364.16,   359.84,     363.36,   359.04,     364.16,   359.84
1994, 03,   34408, 1994.2027,   364.86,   360.14,     363.92,   359.19,     364.86,   360.14
1994, 04,   34439, 1994.2877,   364.46,   359.56,     364.27,   359.36,     364.46,   359.56
1994, 05,   34469, 1994.3699,   364.31,   359.25,     364.58,   359.52,     364.31,   359.25
1994, 06,   34500, 1994.4548,   362.14,   359.15,     362.60,   359.68,     362.14,   359.15
1994, 07,   34530, 1994.5370,   356.73,   360.23,     356.22,   359.84,     356.73,   360.23
1994, 08,   34561, 1994.6219,   350.87,   360.64,     350.18,   360.00,     350.87,   360.64
1994, 09,   34592, 1994.7068,   350.49,   359.80,     350.91,   360.17,     350.49,   359.80
1994, 10,   34622, 1994.7890,   356.06,   360.76,     355.71,   360.33,     356.06,   360.76
1994, 11,   34653, 1994.8740,   360.04,   360.40,     360.18,   360.49,     360.04,   360.40
1994, 12,   34683, 1994.9562,   363.29,   360.96,     363.01,   360.65,     363.29,   360.96
1995, 01,   34714, 1995.0411,   363.50,   359.81,     364.53,   360.82,     363.50,   359.81
1995, 02,   34745, 1995.1260,   364.92,   360.57,     365.35,   361.00,     364.92,   360.57
1995, 03,   34773, 1995.2027,   366.71,   361.96,     365.92,   361.16,     366.71,   361.96
1995, 04,   34804, 1995.2877,   366.33,   361.40,     366.28,   361.34,     366.33,   361.40
1995, 05,   34834, 1995.3699,   365.75,   360.66,     366.61,   361.52,     365.75,   360.66
1995, 06,   34865, 1995.4548,   364.32,   361.32,     364.64,   361.71,     364.32,   361.32
1995, 07,   34895, 1995.5370,   358.60,   362.11,     358.25,   361.89,     358.60,   362.11
1995, 08,   34926, 1995.6219,   352.05,   361.88,     352.20,   362.09,     352.05,   361.88
1995, 09,   34957, 1995.7068,   353.46,   362.83,     352.97,   362.28,     353.46,   362.83
1995, 10,   34987, 1995.7890,   357.26,   361.99,     357.82,   362.46,     357.26,   361.99
1995, 11,   35018, 1995.8740,   362.32,   362.68,     362.34,   362.65,     362.32,   362.68
1995, 12,   35048, 1995.9562,   365.65,   363.31,     365.19,   362.82,     365.65,   363.31
1996, 01,   35079, 1996.0410,   366.94,   363.22,     366.72,   362.99,     366.94,   363.22
1996, 02,   35110, 1996.1257,   366.69,   362.32,     367.54,   363.16,     366.69,   362.32
1996, 03,   35139, 1996.2049,   367.62,   362.83,     368.11,   363.31,     367.62,   362.83
1996, 04,   35170, 1996.2896,   368.16,   363.19,     368.44,   363.46,     368.16,   363.19
1996, 05,   35200, 1996.3716,   369.13,   364.01,     368.72,   363.60,     369.13,   364.01
1996, 06,   35231, 1996.4563,   367.33,   364.38,     366.60,   363.73,     367.33,   364.38
1996, 07,   35261, 1996.5383,   361.52,   365.18,     360.06,   363.84,     361.52,   365.18
1996, 08,   35292, 1996.6230,   356.13,   366.06,     353.96,   363.94,     356.13,   366.06
1996, 09,   35323, 1996.7077,   354.52,   363.91,     354.68,   364.02,     354.52,   363.91
1996, 10,   35353, 1996.7896,   360.10,   364.81,     359.44,   364.08,     360.10,   364.81
1996, 11,   35384, 1996.8743,   363.81,   364.17,     363.84,   364.13,     363.81,   364.17
1996, 12,   35414, 1996.9563,   365.52,   363.16,     366.58,   364.19,     365.52,   363.16
1997, 01,   35445, 1997.0411,   368.33,   364.59,     367.99,   364.24,     368.33,   364.59
1997, 02,   35476, 1997.1260,   369.05,   364.65,     368.71,   364.30,     369.05,   364.65
1997, 03,   35504, 1997.2027,   368.15,   363.34,     369.18,   364.36,     368.15,   363.34
1997, 04,   35535, 1997.2877,   368.83,   363.83,     369.45,   364.45,     368.83,   363.83
1997, 05,   35565, 1997.3699,   369.48,   364.32,     369.69,   364.54,     369.48,   364.32
1997, 06,   35596, 1997.4548,   367.58,   364.54,     367.62,   364.65,     367.58,   364.54
1997, 07,   35626, 1997.5370,   360.84,   364.40,     361.09,   364.78,     360.84,   364.40
1997, 08,   35657, 1997.6219,   355.16,   365.11,     354.92,   364.92,     355.16,   365.11
1997, 09,   35688, 1997.7068,   356.01,   365.50,     355.66,   365.08,     356.01,   365.50
1997, 10,   35718, 1997.7890,   360.70,   365.49,     360.55,   365.25,     360.70,   365.49
1997, 11,   35749, 1997.8740,   364.74,   365.11,     365.12,   365.43,     364.74,   365.11
1997, 12,   35779, 1997.9562,   367.82,   365.45,     368.03,   365.62,     367.82,   365.45
1998, 01,   35810, 1998.0411,   369.43,   365.67,     369.61,   365.84,     369.43,   365.67
1998, 02,   35841, 1998.1260,   370.10,   365.68,     370.50,   366.07,     370.10,   365.68
1998, 03,   35869, 1998.2027,   370.88,   366.03,     371.14,   366.29,     370.88,   366.03
1998, 04,   35900, 1998.2877,   370.53,   365.50,     371.58,   366.55,     370.53,   365.50
1998, 05,   35930, 1998.3699,   371.54,   366.35,     371.99,   366.81,     371.54,   366.35
1998, 06,   35961, 1998.4548,   369.28,   366.22,     370.07,   367.09,     369.28,   366.22
1998, 07,   35991, 1998.5370,   364.49,   368.07,     363.65,   367.36,     364.49,   368.07
1998, 08,   36022, 1998.6219,   357.42,   367.43,     357.57,   367.63,     357.42,   367.43
1998, 09,   36053, 1998.7068,   360.55,   370.09,     358.41,   367.89,     360.55,   370.09
1998, 10,   36083, 1998.7890,   364.03,   368.84,     363.40,   368.12,     364.03,   368.84
1998, 11,   36114, 1998.8740,   368.71,   369.08,     368.03,   368.34,     368.71,   369.08
1998, 12,   36144, 1998.9562,   371.59,   369.21,     370.94,   368.53,     371.59,   369.21
1999, 01,   36175, 1999.0411,   372.65,   368.87,     372.49,   368.69,     372.65,   368.87
1999, 02,   36206, 1999.1260,   373.84,   369.39,     373.30,   368.84,     373.84,   369.39
1999, 03,   36234, 1999.2027,   373.77,   368.89,     373.83,   368.95,     373.77,   368.89
1999, 04,   36265, 1999.2877,   374.10,   369.04,     374.13,   369.07,     374.10,   369.04
1999, 05,   36295, 1999.3699,   374.50,   369.29,     374.38,   369.17,     374.50,   369.29
1999, 06,   36326, 1999.4548,   372.05,   368.97,     372.27,   369.27,     372.05,   368.97
1999, 07,   36356, 1999.5370,   364.81,   368.41,     365.63,   369.36,     364.81,   368.41
1999, 08,   36387, 1999.6219,   359.10,   369.17,     359.35,   369.47,     359.10,   369.17
1999, 09,   36418, 1999.7068,   359.66,   369.26,     360.04,   369.58,     359.66,   369.26
1999, 10,   36448, 1999.7890,   364.93,   369.77,     364.94,   369.70,     364.93,   369.77
1999, 11,   36479, 1999.8740,   369.79,   370.17,     369.50,   369.82,     369.79,   370.17
1999, 12,   36509, 1999.9562,   372.63,   370.23,     372.37,   369.94,     372.63,   370.23
2000, 01,   36540, 2000.0410,   373.23,   369.42,     373.89,   370.07,     373.23,   369.42
2000, 02,   36571, 2000.1257,   375.13,   370.65,     374.69,   370.20,     375.13,   370.65
2000, 03,   36600, 2000.2049,   374.83,   369.92,     375.24,   370.33,     374.83,   369.92
2000, 04,   36631, 2000.2896,   375.42,   370.32,     375.56,   370.47,     375.42,   370.32
2000, 05,   36661, 2000.3716,   376.18,   370.93,     375.84,   370.60,     376.18,   370.93
2000, 06,   36692, 2000.4563,   374.01,   371.00,     373.67,   370.73,     374.01,   371.00
2000, 07,   36722, 2000.5383,   366.52,   370.27,     366.98,   370.86,     366.52,   370.27
2000, 08,   36753, 2000.6230,   360.77,   370.95,     360.77,   370.99,     360.77,   370.95
2000, 09,   36784, 2000.7077,   361.78,   371.40,     361.56,   371.12,     361.78,   371.40
2000, 10,   36814, 2000.7896,   367.52,   372.35,     366.48,   371.23,     367.52,   372.35
2000, 11,   36845, 2000.8743,   370.55,   370.91,     371.04,   371.35,     370.55,   370.91
2000, 12,   36875, 2000.9563,   373.37,   370.96,     373.90,   371.45,     373.37,   370.96
2001, 01,   36906, 2001.0411,   376.15,   372.32,     375.40,   371.55,     376.15,   372.32
2001, 02,   36937, 2001.1260,   375.93,   371.43,     376.17,   371.65,     375.93,   371.43
2001, 03,   36965, 2001.2027,   376.44,   371.50,     376.68,   371.74,     376.44,   371.50
2001, 04,   36996, 2001.2877,   377.48,   372.37,     376.96,   371.84,     377.48,   372.37
2001, 05,   37026, 2001.3699,   377.67,   372.39,     377.21,   371.93,     377.67,   372.39
2001, 06,   37057, 2001.4548,   374.80,   371.69,     375.07,   372.03,     374.80,   371.69
2001, 07,   37087, 2001.5370,   367.38,   371.02,     368.36,   372.14,     367.38,   371.02
2001, 08,   37118, 2001.6219,   361.65,   371.85,     362.01,   372.25,     361.65,   371.85
2001, 09,   37149, 2001.7068,   363.41,   373.12,     362.73,   372.38,     363.41,   373.12
2001, 10,   37179, 2001.7890,   367.74,   372.63,     367.70,   372.51,     367.74,   372.63
2001, 11,   37210, 2001.8740,   373.17,   373.55,     372.34,   372.66,     373.17,   373.55
2001, 12,   37240, 2001.9562,   374.42,   372.00,     375.27,   372.81,     374.42,   372.00
2002, 01,   37271, 2002.0411,   376.64,   372.79,     376.84,   372.97,     376.64,   372.79
2002, 02,   37302, 2002.1260,   377.42,   372.89,     377.69,   373.14,     377.42,   372.89
2002, 03,   37330, 2002.2027,   378.26,   373.30,     378.28,   373.31,     378.26,   373.30
2002, 04,   37361, 2002.2877,   378.73,   373.58,     378.66,   373.51,     378.73,   373.58
2002, 05,   37391, 2002.3699,   379.01,   373.70,     379.02,   373.71,     379.01,   373.70
2002, 06,   37422, 2002.4548,   375.95,   372.82,     376.99,   373.94,     375.95,   372.82
2002, 07,   37452, 2002.5370,   370.76,   374.42,     370.36,   374.16,     370.76,   374.42
2002, 08,   37483, 2002.6219,   364.05,   374.30,     364.10,   374.41,     364.05,   374.30
2002, 09,   37514, 2002.7068,   365.36,   375.13,     364.95,   374.66,     365.36,   375.13
2002, 10,   37544, 2002.7890,   370.25,   375.17,     370.07,   374.91,     370.25,   375.17
2002, 11,   37575, 2002.8740,   374.04,   374.43,     374.85,   375.17,     374.04,   374.43
2002, 12,   37605, 2002.9562,   377.99,   375.55,     377.90,   375.43,     377.99,   375.55
2003, 01,   37636, 2003.0411,   379.02,   375.14,     379.58,   375.69,     379.02,   375.14
2003, 02,   37667, 2003.1260,   379.35,   374.79,     380.53,   375.96,     379.35,   374.79
2003, 03,   37695, 2003.2027,   380.88,   375.89,     381.19,   376.20,     380.88,   375.89
2003, 04,   37726, 2003.2877,   381.38,   376.20,     381.63,   376.45,     381.38,   376.20
2003, 05,   37756, 2003.3699,   382.38,   377.03,     382.03,   376.69,     382.38,   377.03
2003, 06,   37787, 2003.4548,   381.03,   377.88,     379.99,   376.92,     381.03,   377.88
2003, 07,   37817, 2003.5370,   373.78,   377.47,     373.29,   377.11,     373.78,   377.47
2003, 08,   37848, 2003.6219,   367.97,   378.28,     366.93,   377.30,     367.97,   378.28
2003, 09,   37879, 2003.7068,   368.55,   378.38,     367.70,   377.46,     368.55,   378.38
2003, 10,   37909, 2003.7890,   372.28,   377.24,     372.73,   377.60,     372.28,   377.24
2003, 11,   37940, 2003.8740,   377.72,   378.10,     377.40,   377.73,     377.72,   378.10
2003, 12,   37970, 2003.9562,   380.00,   377.55,     380.33,   377.84,     380.00,   377.55
2004, 01,   38001, 2004.0410,   382.45,   378.55,     381.85,   377.94,     382.45,   378.55
2004, 02,   38032, 2004.1257,   382.33,   377.75,     382.63,   378.04,     382.33,   377.75
2004, 03,   38061, 2004.2049,   381.58,   376.56,     383.17,   378.13,     381.58,   376.56
2004, 04,   38092, 2004.2896,   383.20,   377.98,     383.45,   378.24,     383.20,   377.98
2004, 05,   38122, 2004.3716,   383.56,   378.19,     383.70,   378.34,     383.56,   378.19
2004, 06,   38153, 2004.4563,   382.60,   379.51,     381.46,   378.45,     382.60,   379.51
2004, 07,   38183, 2004.5383,   374.62,   378.45,     374.59,   378.56,     374.62,   378.45
2004, 08,   38214, 2004.6230,   368.66,   379.07,     368.21,   378.68,     368.66,   379.07
2004, 09,   38245, 2004.7077,   368.56,   378.41,     369.02,   378.80,     368.56,   378.41
2004, 10,   38275, 2004.7896,   373.38,   378.33,     374.07,   378.93,     373.38,   378.33
2004, 11,   38306, 2004.8743,   378.50,   378.87,     378.77,   379.08,     378.50,   378.87
2004, 12,   38336, 2004.9563,   381.67,   379.20,     381.74,   379.24,     381.67,   379.20
2005, 01,   38367, 2005.0411,   384.11,   380.19,     383.34,   379.41,     384.11,   380.19
2005, 02,   38398, 2005.1260,   384.29,   379.68,     384.21,   379.59,     384.29,   379.68
2005, 03,   38426, 2005.2027,   384.13,   379.08,     384.82,   379.77,     384.13,   379.08
2005, 04,   38457, 2005.2877,   385.29,   380.05,     385.22,   379.97,     385.29,   380.05
2005, 05,   38487, 2005.3699,   385.30,   379.89,     385.58,   380.18,     385.30,   379.89
2005, 06,   38518, 2005.4548,   383.78,   380.59,     383.52,   380.41,     383.78,   380.59
2005, 07,   38548, 2005.5370,   377.05,   380.78,     376.76,   380.63,     377.05,   380.78
2005, 08,   38579, 2005.6219,   370.58,   381.01,     370.37,   380.86,     370.58,   381.01
2005, 09,   38610, 2005.7068,   372.08,   382.02,     371.21,   381.09,     372.08,   382.02
2005, 10,   38640, 2005.7890,   375.18,   380.19,     376.39,   381.32,     375.18,   380.19
2005, 11,   38671, 2005.8740,   381.69,   382.08,     381.23,   381.56,     381.69,   382.08
2005, 12,   38701, 2005.9562,   385.04,   382.56,     384.31,   381.79,     385.04,   382.56
2006, 01,   38732, 2006.0411,   384.95,   381.00,     385.99,   382.03,     384.95,   381.00
2006, 02,   38763, 2006.1260,   385.52,   380.88,     386.93,   382.28,     385.52,   380.88
2006, 03,   38791, 2006.2027,   386.79,   381.72,     387.59,   382.51,     386.79,   381.72
2006, 04,   38822, 2006.2877,   387.72,   382.45,     388.04,   382.77,     387.72,   382.45
2006, 05,   38852, 2006.3699,   388.61,   383.18,     388.44,   383.01,     388.61,   383.18
2006, 06,   38883, 2006.4548,   387.51,   384.31,     386.38,   383.25,     387.51,   384.31
2006, 07,   38913, 2006.5370,   380.87,   384.62,     379.57,   383.46,     380.87,   384.62
2006, 08,   38944, 2006.6219,   373.88,   384.37,     373.11,   383.66,     373.88,   384.37
2006, 09,   38975, 2006.7068,   374.79,   384.79,     373.90,   383.83,     374.79,   384.79
2006, 10,   39005, 2006.7890,   378.86,   383.90,     379.02,   383.97,     378.86,   383.90
2006, 11,   39036, 2006.8740,   384.20,   384.59,     383.77,   384.10,     384.20,   384.59
2006, 12,   39066, 2006.9562,   387.15,   384.65,     386.73,   384.20,     387.15,   384.65
2007, 01,   39097, 2007.0411,   388.28,   384.31,     388.27,   384.29,     388.28,   384.31
2007, 02,   39128, 2007.1260,   388.81,   384.15,     389.04,   384.37,     388.81,   384.15
2007, 03,   39156, 2007.2027,   389.69,   384.58,     389.55,   384.44,     389.69,   384.58
2007, 04,   39187, 2007.2877,   389.76,   384.46,     389.82,   384.52,     389.76,   384.46
2007, 05,   39217, 2007.3699,   389.50,   384.03,     390.07,   384.61,     389.50,   384.03
2007, 06,   39248, 2007.4548,   387.85,   384.62,     387.86,   384.72,     387.85,   384.62
2007, 07,   39278, 2007.5370,   380.78,   384.55,     380.92,   384.84,     380.78,   384.55
2007, 08,   39309, 2007.6219,   372.95,   383.50,     374.37,   384.98,     372.95,   383.50
2007, 09,   39340, 2007.7068,   375.35,   385.41,     375.15,   385.14,     375.35,   385.41
2007, 10,   39370, 2007.7890,   380.65,   385.72,     380.33,   385.31,     380.65,   385.72
2007, 11,   39401, 2007.8740,   384.27,   384.66,     385.17,   385.51,     384.27,   384.66
2007, 12,   39431, 2007.9562,   -99.99,   -99.99,     388.25,   385.70,     388.25,   385.70
2008, 01,   39462, 2008.0410,   390.11,   386.12,     389.91,   385.91,     390.11,   386.12
2008, 02,   39493, 2008.1257,   390.87,   386.19,     390.81,   386.11,     390.87,   386.19
2008, 03,   39522, 2008.2049,   392.53,   387.39,     391.45,   386.30,     392.53,   387.39
2008, 04,   39553, 2008.2896,   392.28,   386.95,     391.83,   386.49,     392.28,   386.95
2008, 05,   39583, 2008.3716,   392.63,   387.13,     392.16,   386.67,     392.63,   387.13
2008, 06,   39614, 2008.4563,   389.45,   386.30,     389.92,   386.84,     389.45,   386.30
2008, 07,   39644, 2008.5383,   382.98,   386.91,     382.94,   387.00,     382.98,   386.91
2008, 08,   39675, 2008.6230,   -99.99,   -99.99,     376.46,   387.16,     376.46,   387.16
2008, 09,   39706, 2008.7077,   377.44,   387.52,     377.31,   387.32,     377.44,   387.52
2008, 10,   39736, 2008.7896,   381.49,   386.62,     382.31,   387.44,     381.49,   386.62
2008, 11,   39767, 2008.8743,   388.12,   388.56,     387.14,   387.58,     388.12,   388.56
2008, 12,   39797, 2008.9563,   389.92,   387.13,     390.50,   387.71,     389.92,   387.13
2009, 01,   39828, 2009.0411,   393.21,   389.11,     391.93,   387.82,     393.21,   389.11
2009, 02,   39859, 2009.1260,   392.35,   387.83,     392.45,   387.94,     392.35,   387.83
2009, 03,   39887, 2009.2027,   393.49,   388.38,     393.14,   388.02,     393.49,   388.38
2009, 04,   39918, 2009.2877,   393.90,   388.55,     393.47,   388.11,     393.90,   388.55
2009, 05,   39948, 2009.3699,   394.00,   388.51,     393.68,   388.20,     394.00,   388.51
2009, 06,   39979, 2009.4548,   391.58,   388.14,     391.72,   388.28,     391.58,   388.14
2009, 07,   40009, 2009.5370,   385.05,   388.78,     384.63,   388.35,     385.05,   388.78
2009, 08,   40040, 2009.6219,   377.89,   388.51,     377.82,   388.44,     377.89,   388.51
2009, 09,   40071, 2009.7068,   377.65,   387.74,     378.44,   388.54,     377.65,   387.74
2009, 10,   40101, 2009.7890,   382.95,   388.08,     383.52,   388.66,     382.95,   388.08
2009, 11,   40132, 2009.8740,   387.24,   387.65,     388.38,   388.79,     387.24,   387.65
2009, 12,   40162, 2009.9562,   -99.99,   -99.99,     391.76,   388.95,     391.76,   388.95
2010, 01,   40193, 2010.0411,   392.34,   388.27,     393.21,   389.14,     392.34,   388.27
2010, 02,   40224, 2010.1260,   393.49,   388.92,     393.91,   389.35,     393.49,   388.92
2010, 03,   40252, 2010.2027,   393.69,   388.45,     394.79,   389.55,     393.69,   388.45
2010, 04,   40283, 2010.2877,   395.02,   389.57,     395.25,   389.79,     395.02,   389.57
2010, 05,   40313, 2010.3699,   395.60,   390.09,     395.55,   390.04,     395.60,   390.09
2010, 06,   40344, 2010.4548,   394.47,   391.26,     393.51,   390.30,     394.47,   391.26
2010, 07,   40374, 2010.5370,   386.26,   390.33,     386.47,   390.55,     386.26,   390.33
2010, 08,   40405, 2010.6219,   380.68,   391.51,     379.96,   390.79,     380.68,   391.51
2010, 09,   40436, 2010.7068,   382.21,   392.24,     381.00,   391.03,     382.21,   392.24
2010, 10,   40466, 2010.7890,   386.98,   392.13,     386.07,   391.23,     386.98,   392.13
2010, 11,   40497, 2010.8740,   391.36,   391.78,     391.01,   391.43,     391.36,   391.78
2010, 12,   40527, 2010.9562,   394.00,   391.17,     394.44,   391.61,     394.00,   391.17
2011, 01,   40558, 2011.0411,   395.23,   391.12,     395.88,   391.78,     395.23,   391.12
2011, 02,   40589, 2011.1260,   396.09,   391.49,     396.55,   391.94,     396.09,   391.49
2011, 03,   40617, 2011.2027,   397.44,   392.16,     397.37,   392.09,     397.44,   392.16
2011, 04,   40648, 2011.2877,   398.07,   392.57,     397.75,   392.24,     398.07,   392.57
2011, 05,   40678, 2011.3699,   398.37,   392.81,     397.95,   392.39,     398.37,   392.81
2011, 06,   40709, 2011.4548,   395.01,   391.77,     395.78,   392.54,     395.01,   391.77
2011, 07,   40739, 2011.5370,   -99.99,   -99.99,     388.58,   392.69,     388.58,   392.69
2011, 08,   40770, 2011.6219,   380.53,   391.46,     381.92,   392.84,     380.53,   391.46
2011, 09,   40801, 2011.7068,   381.80,   391.91,     382.89,   393.00,     381.80,   391.91
2011, 10,   40831, 2011.7890,   387.91,   393.11,     387.96,   393.16,     387.91,   393.11
2011, 11,   40862, 2011.8740,   393.55,   393.98,     392.91,   393.33,     393.55,   393.98
2011, 12,   40892, 2011.9562,   396.52,   393.67,     396.35,   393.50,     396.52,   393.67
2012, 01,   40923, 2012.0410,   398.83,   394.69,     397.81,   393.67,     398.83,   394.69
2012, 02,   40954, 2012.1257,   398.55,   393.91,     398.49,   393.85,     398.55,   393.91
2012, 03,   40983, 2012.2049,   399.19,   393.85,     399.36,   394.02,     399.19,   393.85
2012, 04,   41014, 2012.2896,   399.87,   394.32,     399.76,   394.21,     399.87,   394.32
2012, 05,   41044, 2012.3716,   400.16,   394.56,     400.00,   394.41,     400.16,   394.56
2012, 06,   41075, 2012.4563,   397.19,   394.01,     397.79,   394.62,     397.19,   394.01
2012, 07,   41105, 2012.5383,   389.49,   393.76,     390.56,   394.84,     389.49,   393.76
2012, 08,   41136, 2012.6230,   382.54,   393.59,     384.02,   395.08,     382.54,   393.59
2012, 09,   41167, 2012.7077,   385.94,   396.09,     385.17,   395.33,     385.94,   396.09
2012, 10,   41197, 2012.7896,   390.31,   395.52,     390.38,   395.59,     390.31,   395.52
2012, 11,   41228, 2012.8743,   395.91,   396.32,     395.45,   395.86,     395.91,   396.32
2012, 12,   41258, 2012.9563,   399.22,   396.34,     399.01,   396.12,     399.22,   396.34
2013, 01,   41289, 2013.0411,   400.84,   396.67,     400.57,   396.40,     400.84,   396.67
2013, 02,   41320, 2013.1260,   401.28,   396.59,     401.37,   396.69,     401.28,   396.59
2013, 03,   41348, 2013.2027,   401.28,   395.91,     402.31,   396.94,     401.28,   395.91
2013, 04,   41379, 2013.2877,   401.80,   396.21,     402.82,   397.22,     401.80,   396.21
2013, 05,   41409, 2013.3699,   -99.99,   -99.99,     403.14,   397.50,     403.14,   397.50
2013, 06,   41440, 2013.4548,   400.54,   397.24,     401.07,   397.77,     400.54,   397.24
2013, 07,   41470, 2013.5370,   394.73,   398.91,     393.86,   398.04,     394.73,   398.91
2013, 08,   41501, 2013.6219,   387.70,   398.80,     387.19,   398.30,     387.70,   398.80
2013, 09,   41532, 2013.7068,   387.82,   398.10,     388.27,   398.55,     387.82,   398.10
2013, 10,   41562, 2013.7890,   394.17,   399.45,     393.49,   398.78,     394.17,   399.45
2013, 11,   41593, 2013.8740,   399.74,   400.17,     398.57,   399.00,     399.74,   400.17
2013, 12,   41623, 2013.9562,   401.61,   398.70,     402.11,   399.20,     401.61,   398.70
2014, 01,   41654, 2014.0411,   -99.99,   -99.99,     403.61,   399.40,     403.61,   399.40
2014, 02,   41685, 2014.1260,   404.38,   399.66,     404.31,   399.59,     404.38,   399.66
2014, 03,   41713, 2014.2027,   406.65,   401.24,     405.16,   399.75,     406.65,   401.24
2014, 04,   41744, 2014.2877,   404.86,   399.23,     405.55,   399.91,     404.86,   399.23
2014, 05,   41774, 2014.3699,   405.48,   399.78,     405.76,   400.06,     405.48,   399.78
2014, 06,   41805, 2014.4548,   403.40,   400.08,     403.53,   400.21,     403.40,   400.08
2014, 07,   41835, 2014.5370,   396.15,   400.36,     396.15,   400.36,     396.15,   400.36
2014, 08,   41866, 2014.6219,   389.67,   400.87,     389.31,   400.50,     389.67,   400.87
2014, 09,   41897, 2014.7068,   -99.99,   -99.99,     390.28,   400.64,     390.28,   400.64
2014, 10,   41927, 2014.7890,   -99.99,   -99.99,     395.45,   400.78,     395.45,   400.78
2014, 11,   41958, 2014.8740,   399.22,   399.66,     400.49,   400.93,     399.22,   399.66
2014, 12,   41988, 2014.9562,   403.95,   401.03,     404.00,   401.07,     403.95,   401.03
2015, 01,   42019, 2015.0411,   404.03,   399.79,     405.47,   401.23,     404.03,   399.79
2015, 02,   42050, 2015.1260,   407.98,   403.22,     406.14,   401.39,     407.98,   403.22
2015, 03,   42078, 2015.2027,   407.83,   402.37,     406.99,   401.53,     407.83,   402.37
2015, 04,   42109, 2015.2877,   406.82,   401.14,     407.37,   401.69,     406.82,   401.14
2015, 05,   42139, 2015.3699,   407.43,   401.69,     407.59,   401.85,     407.43,   401.69
2015, 06,   42170, 2015.4548,   404.51,   401.16,     405.37,   402.02,     404.51,   401.16
2015, 07,   42200, 2015.5370,   397.55,   401.79,     397.95,   402.19,     397.55,   401.79
2015, 08,   42231, 2015.6219,   391.11,   402.39,     391.09,   402.38,     391.11,   402.39
2015, 09,   42262, 2015.7068,   392.37,   402.81,     392.12,   402.56,     392.37,   402.81
2015, 10,   42292, 2015.7890,   397.18,   402.56,     397.38,   402.75,     397.18,   402.56
2015, 11,   42323, 2015.8740,   403.89,   404.32,     402.51,   402.95,     403.89,   404.32
2015, 12,   42353, 2015.9562,   406.31,   403.36,     406.10,   403.15,     406.31,   403.36
2016, 01,   42384, 2016.0410,   406.71,   402.44,     407.63,   403.36,     406.71,   402.44
2016, 02,   42415, 2016.1257,   408.90,   404.10,     408.37,   403.58,     408.90,   404.10
2016, 03,   42444, 2016.2049,   409.02,   403.51,     409.31,   403.80,     409.02,   403.51
2016, 04,   42475, 2016.2896,   409.55,   403.82,     409.77,   404.04,     409.55,   403.82
2016, 05,   42505, 2016.3716,   409.25,   403.47,     410.07,   404.29,     409.25,   403.47
2016, 06,   42536, 2016.4563,   406.69,   403.41,     407.84,   404.56,     406.69,   403.41
2016, 07,   42566, 2016.5383,   399.46,   403.87,     400.42,   404.84,     399.46,   403.87
2016, 08,   42597, 2016.6230,   393.46,   404.88,     393.72,   405.14,     393.46,   404.88
2016, 09,   42628, 2016.7077,   394.42,   404.90,     394.95,   405.44,     394.42,   404.90
2016, 10,   42658, 2016.7896,   400.65,   406.03,     400.36,   405.74,     400.65,   406.03
2016, 11,   42689, 2016.8743,   405.72,   406.15,     405.62,   406.05,     405.72,   406.15
2016, 12,   42719, 2016.9563,   409.39,   406.42,     409.31,   406.33,     409.39,   406.42
2017, 01,   42750, 2017.0411,   412.49,   408.18,     410.93,   406.62,     412.49,   408.18
2017, 02,   42781, 2017.1260,   412.32,   407.49,     411.73,   406.89,     412.32,   407.49
2017, 03,   42809, 2017.2027,   413.61,   408.07,     412.67,   407.12,     413.61,   408.07
2017, 04,   42840, 2017.2877,   413.51,   407.74,     413.13,   407.36,     413.51,   407.74
2017, 05,   42870, 2017.3699,   413.67,   407.84,     413.40,   407.57,     413.67,   407.84
2017, 06,   42901, 2017.4548,   412.17,   408.77,     411.17,   407.77,     412.17,   408.77
2017, 07,   42931, 2017.5370,   403.71,   408.02,     403.63,   407.94,     403.71,   408.02
2017, 08,   42962, 2017.6219,   396.82,   408.29,     396.65,   408.11,     396.82,   408.29
2017, 09,   42993, 2017.7068,   397.71,   408.32,     397.66,   408.27,     397.71,   408.32
2017, 10,   43023, 2017.7890,   402.54,   408.00,     402.96,   408.42,     402.54,   408.00
2017, 11,   43054, 2017.8740,   407.74,   408.18,     408.13,   408.57,     407.74,   408.18
2017, 12,   43084, 2017.9562,   410.20,   407.21,     411.72,   408.72,     410.20,   407.21
2018, 01,   43115, 2018.0411,   413.34,   409.00,     413.22,   408.88,     413.34,   409.00
2018, 02,   43146, 2018.1260,   413.32,   408.45,     413.92,   409.05,     413.32,   408.45
2018, 03,   43174, 2018.2027,   413.95,   408.37,     414.79,   409.20,     413.95,   408.37
2018, 04,   43205, 2018.2877,   415.75,   409.93,     415.19,   409.37,     415.75,   409.93
2018, 05,   43235, 2018.3699,   415.18,   409.31,     415.41,   409.54,     415.18,   409.31
2018, 06,   43266, 2018.4548,   413.58,   410.15,     413.14,   409.71,     413.58,   410.15
2018, 07,   43296, 2018.5370,   406.34,   410.68,     405.54,   409.88,     406.34,   410.68
2018, 08,   43327, 2018.6219,   398.55,   410.10,     398.50,   410.05,     398.55,   410.10
2018, 09,   43358, 2018.7068,   400.14,   410.83,     399.53,   410.22,     400.14,   410.83
2018, 10,   43388, 2018.7890,   404.12,   409.62,     404.89,   410.39,     404.12,   409.62
2018, 11,   43419, 2018.8740,   409.70,   410.15,     410.12,   410.57,     409.70,   410.15
2018, 12,   43449, 2018.9562,   413.47,   410.46,     413.76,   410.74,     413.47,   410.46
2019, 01,   43480, 2019.0411,   414.58,   410.21,     415.29,   410.92,     414.58,   410.21
2019, 02,   43511, 2019.1260,   415.76,   410.85,     416.01,   411.10,     415.76,   410.85
2019, 03,   43539, 2019.2027,   417.59,   411.95,     416.90,   411.27,     417.59,   411.95
2019, 04,   43570, 2019.2877,   418.35,   412.48,     417.32,   411.45,     418.35,   412.48
2019, 05,   43600, 2019.3699,   417.41,   411.49,     417.56,   411.63,     417.41,   411.49
2019, 06,   43631, 2019.4548,   414.18,   410.73,     415.27,   411.82,     414.18,   410.73
2019, 07,   43661, 2019.5370,   407.84,   412.22,     407.62,   412.00,     407.84,   412.22
2019, 08,   43692, 2019.6219,   400.76,   412.40,     400.55,   412.19,     400.76,   412.40
2019, 09,   43723, 2019.7068,   -99.99,   -99.99,     401.60,   412.38,     401.60,   412.38
2019, 10,   43753, 2019.7890,   -99.99,   -99.99,     407.02,   412.56,     407.02,   412.56
2019, 11,   43784, 2019.8740,   -99.99,   -99.99,     412.29,   412.75,     412.29,   412.75
2019, 12,   43814, 2019.9562,   -99.99,   -99.99,     415.97,   412.93,     415.97,   412.93
