"-------------------------------------------------------------------------------------------"
" Monthly average CO2 concentrations (ppm) derived from daily flask and in situ (continuous) data. "
" South Pole: Latitude 90.0S Elevation 2810m                                                "
"  In situ data is sporadically used only during a limited time period from 1960 to 1963"
"  Outside this period, the record is entirely flask-based"
"                                                                                           "
" Source: R. F. Keeling, S. C. Piper, A. F. Bollenbacher and S. J. Walker                   "
" Scripps CO2 Program ( http://scrippsco2.ucsd.edu )                                        "
" Scripps Institution of Oceanography (SIO)                                                 "
" University of California                                                                  "
" La Jolla, California USA 92093-0244                                                       "
"                                                                                           "
" Status of data and correspondence:                                                        "
"                                                                                           "
" These data are subject to revision based on recalibration of standard gases. Questions    "
" about the data should be directed to Dr. Ralph Keeling (rkeeling@ucsd.edu) and            "
" and Dr. Stephen Piper (scpiper@popmail.ucsd.edu), Scripps CO2 Program.                    "
"                                                                                           "
" Flask data in this file through 15-Jan-2019 last updated 01-Nov-2019                      "
"                                                                                           "
"-------------------------------------------------------------------------------------------"
"                                                                                           "
" Please cite as:                                                                           "
"                                                                                           "
" C. D. Keeling, S. C. Piper, R. B. Bacastow, M. Wahlen, T. P. Whorf, M. Heimann, and       "
" H. A. Meijer, Exchanges of atmospheric CO2 and 13CO2 with the terrestrial biosphere and   "
" oceans from 1978 to 2000.  I. Global aspects, SIO Reference Series, No. 01-06, Scripps    "
" Institution of Oceanography, San Diego, 88 pages, 2001.                                   "
"                                                                                           "
" If it is necessary to cite a peer-reviewed article, please cite as:                       "
"                                                                                           "
" C. D. Keeling, S. C. Piper, R. B. Bacastow, M. Wahlen, T. P. Whorf, M. Heimann, and       "
" H. A. Meijer, Atmospheric CO2 and 13CO2 exchange with the terrestrial biosphere and       "
" oceans from 1978 to 2000: observations and carbon cycle implications, pages 83-113,       "
" in "A History of Atmospheric CO2 and its effects on Plants, Animals, and Ecosystems",     "
" editors, Ehleringer, J.R., T. E. Cerling, M. D. Dearing, Springer Verlag,                 "
" New York, 2005.                                                                           "
"                                                                                           "
"-------------------------------------------------------------------------------------------"
"                                                                                           "
" The data file below contains 10 columns.  Columns 1-4 give the dates in several redundant "
" formats. Column 5 below gives monthly CO2 concentrations in micro-mol CO2 per mole (ppm)  "
" reported on the 2008A SIO manometric mole fraction scale.  This is the standard           "
" version of the data most often sought.  The monthly values have been adjusted             "
" to 24:00 hours on the 15th of each month.  Column 6 gives the same data after a seasonal  "
" adjustment to remove the quasi-regular seasonal cycle.  The adjustment involves           "
" subtracting from the data a 4-harmonic fit with a linear gain factor.  Column 7 is a      "
" smoothed version of the data generated from a stiff cubic spline function plus 4-harmonic "
" functions with linear gain.  Column 8 is the same smoothed version with the seasonal      "
" cycle removed.  Column 9 is identical to Column 5 except that the missing values from     "
" Column 5 have been filled with values from Column 7.  Column 10 is identical to Column 6  "
" except missing values have been filled with values from Column 8.  Missing values are     "
" denoted by -99.99                                                                         "
"                                                                                           "
" CO2 concentrations are measured on the '08A' calibration scale                            "
"                                                                                           "
  Yr, Mn,    Date,      Date,     CO2,seasonally,        fit,  seasonally,      CO2, seasonally
    ,   ,        ,          ,        ,  adjusted,           ,adjusted fit,   filled,adjusted filled
    ,   ,   Excel,          ,   [ppm],    [ppm] ,      [ppm],    [ppm],       [ppm],    [ppm]
1957, 01,   20835, 1957.0411,   -99.99,   -99.99,     312.75,   312.83,     312.75,   312.83
1957, 02,   20866, 1957.1260,   -99.99,   -99.99,     312.62,   312.96,     312.62,   312.96
1957, 03,   20894, 1957.2027,   -99.99,   -99.99,     312.60,   313.07,     312.60,   313.07
1957, 04,   20925, 1957.2877,   -99.99,   -99.99,     312.75,   313.20,     312.75,   313.20
1957, 05,   20955, 1957.3699,   -99.99,   -99.99,     312.97,   313.32,     312.97,   313.32
1957, 06,   20986, 1957.4548,   312.79,   313.00,     313.24,   313.45,     312.79,   313.00
1957, 07,   21016, 1957.5370,   -99.99,   -99.99,     313.63,   313.58,     313.63,   313.58
1957, 08,   21047, 1957.6219,   -99.99,   -99.99,     314.06,   313.70,     314.06,   313.70
1957, 09,   21078, 1957.7068,   -99.99,   -99.99,     314.34,   313.83,     314.34,   313.83
1957, 10,   21108, 1957.7890,   -99.99,   -99.99,     314.43,   313.95,     314.43,   313.95
1957, 11,   21139, 1957.8740,   -99.99,   -99.99,     314.40,   314.07,     314.40,   314.07
1957, 12,   21169, 1957.9562,   314.48,   314.33,     314.32,   314.18,     314.48,   314.33
1958, 01,   21200, 1958.0411,   -99.99,   -99.99,     314.21,   314.29,     314.21,   314.29
1958, 02,   21231, 1958.1260,   -99.99,   -99.99,     314.06,   314.39,     314.06,   314.39
1958, 03,   21259, 1958.2027,   314.30,   314.78,     314.01,   314.48,     314.30,   314.78
1958, 04,   21290, 1958.2877,   -99.99,   -99.99,     314.13,   314.58,     314.13,   314.58
1958, 05,   21320, 1958.3699,   -99.99,   -99.99,     314.31,   314.67,     314.31,   314.67
1958, 06,   21351, 1958.4548,   314.51,   314.73,     314.53,   314.75,     314.51,   314.73
1958, 07,   21381, 1958.5370,   -99.99,   -99.99,     314.88,   314.83,     314.88,   314.83
1958, 08,   21412, 1958.6219,   -99.99,   -99.99,     315.27,   314.91,     315.27,   314.91
1958, 09,   21443, 1958.7068,   315.33,   314.82,     315.49,   314.98,     315.33,   314.82
1958, 10,   21473, 1958.7890,   -99.99,   -99.99,     315.54,   315.06,     315.54,   315.06
1958, 11,   21504, 1958.8740,   -99.99,   -99.99,     315.46,   315.13,     315.46,   315.13
1958, 12,   21534, 1958.9562,   -99.99,   -99.99,     315.35,   315.20,     315.35,   315.20
1959, 01,   21565, 1959.0411,   315.09,   315.17,     315.20,   315.28,     315.09,   315.17
1959, 02,   21596, 1959.1260,   315.13,   315.47,     315.01,   315.35,     315.13,   315.47
1959, 03,   21624, 1959.2027,   315.08,   315.55,     314.94,   315.42,     315.08,   315.55
1959, 04,   21655, 1959.2877,   -99.99,   -99.99,     315.04,   315.49,     315.04,   315.49
1959, 05,   21685, 1959.3699,   -99.99,   -99.99,     315.20,   315.56,     315.20,   315.56
1959, 06,   21716, 1959.4548,   -99.99,   -99.99,     315.41,   315.63,     315.41,   315.63
1959, 07,   21746, 1959.5370,   -99.99,   -99.99,     315.75,   315.69,     315.75,   315.69
1959, 08,   21777, 1959.6219,   315.98,   315.61,     316.13,   315.76,     315.98,   315.61
1959, 09,   21808, 1959.7068,   316.24,   315.73,     316.34,   315.83,     316.24,   315.73
1959, 10,   21838, 1959.7890,   -99.99,   -99.99,     316.38,   315.90,     316.38,   315.90
1959, 11,   21869, 1959.8740,   316.31,   315.98,     316.30,   315.97,     316.31,   315.98
1959, 12,   21899, 1959.9562,   -99.99,   -99.99,     316.18,   316.04,     316.18,   316.04
1960, 01,   21930, 1960.0410,   -99.99,   -99.99,     316.03,   316.11,     316.03,   316.11
1960, 02,   21961, 1960.1257,   -99.99,   -99.99,     315.84,   316.18,     315.84,   316.18
1960, 03,   21990, 1960.2049,   -99.99,   -99.99,     315.76,   316.24,     315.76,   316.24
1960, 04,   22021, 1960.2896,   -99.99,   -99.99,     315.86,   316.31,     315.86,   316.31
1960, 05,   22051, 1960.3716,   -99.99,   -99.99,     316.02,   316.37,     316.02,   316.37
1960, 06,   22082, 1960.4563,   316.40,   316.62,     316.22,   316.44,     316.40,   316.62
1960, 07,   22112, 1960.5383,   316.73,   316.67,     316.56,   316.50,     316.73,   316.67
1960, 08,   22143, 1960.6230,   316.76,   316.39,     316.93,   316.56,     316.76,   316.39
1960, 09,   22174, 1960.7077,   -99.99,   -99.99,     317.13,   316.62,     317.13,   316.62
1960, 10,   22204, 1960.7896,   -99.99,   -99.99,     317.16,   316.68,     317.16,   316.68
1960, 11,   22235, 1960.8743,   -99.99,   -99.99,     317.07,   316.74,     317.07,   316.74
1960, 12,   22265, 1960.9563,   -99.99,   -99.99,     316.94,   316.79,     316.94,   316.79
1961, 01,   22296, 1961.0411,   -99.99,   -99.99,     316.76,   316.84,     316.76,   316.84
1961, 02,   22327, 1961.1260,   316.98,   317.32,     316.56,   316.90,     316.98,   317.32
1961, 03,   22355, 1961.2027,   -99.99,   -99.99,     316.46,   316.94,     316.46,   316.94
1961, 04,   22386, 1961.2877,   -99.99,   -99.99,     316.54,   316.99,     316.54,   316.99
1961, 05,   22416, 1961.3699,   316.80,   317.15,     316.68,   317.04,     316.80,   317.15
1961, 06,   22447, 1961.4548,   316.86,   317.08,     316.87,   317.08,     316.86,   317.08
1961, 07,   22477, 1961.5370,   316.95,   316.89,     317.18,   317.13,     316.95,   316.89
1961, 08,   22508, 1961.6219,   317.37,   317.00,     317.54,   317.17,     317.37,   317.00
1961, 09,   22539, 1961.7068,   317.67,   317.16,     317.73,   317.22,     317.67,   317.16
1961, 10,   22569, 1961.7890,   317.75,   317.26,     317.75,   317.26,     317.75,   317.26
1961, 11,   22600, 1961.8740,   317.86,   317.53,     317.64,   317.31,     317.86,   317.53
1961, 12,   22630, 1961.9562,   317.66,   317.52,     317.50,   317.35,     317.66,   317.52
1962, 01,   22661, 1962.0411,   317.45,   317.53,     317.31,   317.39,     317.45,   317.53
1962, 02,   22692, 1962.1260,   317.26,   317.60,     317.09,   317.43,     317.26,   317.60
1962, 03,   22720, 1962.2027,   317.05,   317.53,     316.98,   317.47,     317.05,   317.53
1962, 04,   22751, 1962.2877,   317.12,   317.57,     317.05,   317.50,     317.12,   317.57
1962, 05,   22781, 1962.3699,   317.18,   317.54,     317.18,   317.54,     317.18,   317.54
1962, 06,   22812, 1962.4548,   317.25,   317.47,     317.37,   317.59,     317.25,   317.47
1962, 07,   22842, 1962.5370,   317.28,   317.23,     317.69,   317.63,     317.28,   317.23
1962, 08,   22873, 1962.6219,   317.65,   317.28,     318.06,   317.69,     317.65,   317.28
1962, 09,   22904, 1962.7068,   318.07,   317.56,     318.27,   317.75,     318.07,   317.56
1962, 10,   22934, 1962.7890,   -99.99,   -99.99,     318.30,   317.82,     318.30,   317.82
1962, 11,   22965, 1962.8740,   -99.99,   -99.99,     318.22,   317.89,     318.22,   317.89
1962, 12,   22995, 1962.9562,   318.60,   318.45,     318.11,   317.96,     318.60,   318.45
1963, 01,   23026, 1963.0411,   318.13,   318.21,     317.95,   318.03,     318.13,   318.21
1963, 02,   23057, 1963.1260,   317.86,   318.20,     317.75,   318.10,     317.86,   318.20
1963, 03,   23085, 1963.2027,   317.47,   317.95,     317.67,   318.15,     317.47,   317.95
1963, 04,   23116, 1963.2877,   317.90,   318.35,     317.76,   318.21,     317.90,   318.35
1963, 05,   23146, 1963.3699,   318.27,   318.63,     317.90,   318.26,     318.27,   318.63
1963, 06,   23177, 1963.4548,   318.22,   318.44,     318.09,   318.31,     318.22,   318.44
1963, 07,   23207, 1963.5370,   318.27,   318.21,     318.41,   318.35,     318.27,   318.21
1963, 08,   23238, 1963.6219,   318.65,   318.28,     318.75,   318.39,     318.65,   318.28
1963, 09,   23269, 1963.7068,   318.57,   318.05,     318.94,   318.42,     318.57,   318.05
1963, 10,   23299, 1963.7890,   319.02,   318.53,     318.94,   318.46,     319.02,   318.53
1963, 11,   23330, 1963.8740,   -99.99,   -99.99,     318.82,   318.49,     318.82,   318.49
1963, 12,   23360, 1963.9562,   -99.99,   -99.99,     318.66,   318.52,     318.66,   318.52
1964, 01,   23391, 1964.0410,   -99.99,   -99.99,     318.46,   318.54,     318.46,   318.54
1964, 02,   23422, 1964.1257,   -99.99,   -99.99,     318.23,   318.57,     318.23,   318.57
1964, 03,   23451, 1964.2049,   -99.99,   -99.99,     318.11,   318.60,     318.11,   318.60
1964, 04,   23482, 1964.2896,   -99.99,   -99.99,     318.17,   318.63,     318.17,   318.63
1964, 05,   23512, 1964.3716,   -99.99,   -99.99,     318.29,   318.65,     318.29,   318.65
1964, 06,   23543, 1964.4563,   -99.99,   -99.99,     318.47,   318.68,     318.47,   318.68
1964, 07,   23573, 1964.5383,   -99.99,   -99.99,     318.78,   318.72,     318.78,   318.72
1964, 08,   23604, 1964.6230,   -99.99,   -99.99,     319.12,   318.75,     319.12,   318.75
1964, 09,   23635, 1964.7077,   -99.99,   -99.99,     319.31,   318.79,     319.31,   318.79
1964, 10,   23665, 1964.7896,   -99.99,   -99.99,     319.32,   318.84,     319.32,   318.84
1964, 11,   23696, 1964.8743,   -99.99,   -99.99,     319.22,   318.89,     319.22,   318.89
1964, 12,   23726, 1964.9563,   -99.99,   -99.99,     319.09,   318.94,     319.09,   318.94
1965, 01,   23757, 1965.0411,   -99.99,   -99.99,     318.92,   319.00,     318.92,   319.00
1965, 02,   23788, 1965.1260,   318.68,   319.02,     318.73,   319.07,     318.68,   319.02
1965, 03,   23816, 1965.2027,   318.56,   319.05,     318.65,   319.14,     318.56,   319.05
1965, 04,   23847, 1965.2877,   318.69,   319.15,     318.76,   319.22,     318.69,   319.15
1965, 05,   23877, 1965.3699,   318.89,   319.25,     318.94,   319.31,     318.89,   319.25
1965, 06,   23908, 1965.4548,   -99.99,   -99.99,     319.18,   319.40,     319.18,   319.40
1965, 07,   23938, 1965.5370,   319.39,   319.33,     319.56,   319.50,     319.39,   319.33
1965, 08,   23969, 1965.6219,   319.68,   319.31,     319.98,   319.61,     319.68,   319.31
1965, 09,   24000, 1965.7068,   -99.99,   -99.99,     320.25,   319.73,     320.25,   319.73
1965, 10,   24030, 1965.7890,   -99.99,   -99.99,     320.33,   319.84,     320.33,   319.84
1965, 11,   24061, 1965.8740,   320.17,   319.83,     320.30,   319.96,     320.17,   319.83
1965, 12,   24091, 1965.9562,   320.26,   320.11,     320.22,   320.07,     320.26,   320.11
1966, 01,   24122, 1966.0411,   320.35,   320.43,     320.11,   320.19,     320.35,   320.43
1966, 02,   24153, 1966.1260,   320.04,   320.38,     319.95,   320.30,     320.04,   320.38
1966, 03,   24181, 1966.2027,   320.05,   320.54,     319.91,   320.39,     320.05,   320.54
1966, 04,   24212, 1966.2877,   320.31,   320.77,     320.03,   320.49,     320.31,   320.77
1966, 05,   24242, 1966.3699,   320.45,   320.81,     320.21,   320.58,     320.45,   320.81
1966, 06,   24273, 1966.4548,   320.47,   320.69,     320.44,   320.66,     320.47,   320.69
1966, 07,   24303, 1966.5370,   -99.99,   -99.99,     320.80,   320.74,     320.80,   320.74
1966, 08,   24334, 1966.6219,   321.08,   320.71,     321.18,   320.81,     321.08,   320.71
1966, 09,   24365, 1966.7068,   321.34,   320.82,     321.40,   320.88,     321.34,   320.82
1966, 10,   24395, 1966.7890,   321.46,   320.97,     321.43,   320.94,     321.46,   320.97
1966, 11,   24426, 1966.8740,   321.55,   321.21,     321.33,   321.00,     321.55,   321.21
1966, 12,   24456, 1966.9562,   321.06,   320.92,     321.20,   321.05,     321.06,   320.92
1967, 01,   24487, 1967.0411,   -99.99,   -99.99,     321.02,   321.10,     321.02,   321.10
1967, 02,   24518, 1967.1260,   321.00,   321.35,     320.80,   321.14,     321.00,   321.35
1967, 03,   24546, 1967.2027,   -99.99,   -99.99,     320.70,   321.18,     320.70,   321.18
1967, 04,   24577, 1967.2877,   320.86,   321.32,     320.77,   321.22,     320.86,   321.32
1967, 05,   24607, 1967.3699,   321.00,   321.37,     320.90,   321.26,     321.00,   321.37
1967, 06,   24638, 1967.4548,   320.97,   321.19,     321.08,   321.30,     320.97,   321.19
1967, 07,   24668, 1967.5370,   321.07,   321.02,     321.40,   321.34,     321.07,   321.02
1967, 08,   24699, 1967.6219,   321.87,   321.50,     321.75,   321.38,     321.87,   321.50
1967, 09,   24730, 1967.7068,   322.09,   321.56,     321.95,   321.43,     322.09,   321.56
1967, 10,   24760, 1967.7890,   321.79,   321.30,     321.96,   321.47,     321.79,   321.30
1967, 11,   24791, 1967.8740,   321.81,   321.48,     321.86,   321.52,     321.81,   321.48
1967, 12,   24821, 1967.9562,   321.77,   321.62,     321.72,   321.58,     321.77,   321.62
1968, 01,   24852, 1968.0410,   321.53,   321.61,     321.55,   321.63,     321.53,   321.61
1968, 02,   24883, 1968.1257,   -99.99,   -99.99,     321.35,   321.69,     321.35,   321.69
1968, 03,   24912, 1968.2049,   -99.99,   -99.99,     321.26,   321.75,     321.26,   321.75
1968, 04,   24943, 1968.2896,   321.63,   322.08,     321.36,   321.82,     321.63,   322.08
1968, 05,   24973, 1968.3716,   321.46,   321.83,     321.52,   321.88,     321.46,   321.83
1968, 06,   25004, 1968.4563,   321.44,   321.66,     321.74,   321.96,     321.44,   321.66
1968, 07,   25034, 1968.5383,   -99.99,   -99.99,     322.09,   322.03,     322.09,   322.03
1968, 08,   25065, 1968.6230,   -99.99,   -99.99,     322.48,   322.11,     322.48,   322.11
1968, 09,   25096, 1968.7077,   -99.99,   -99.99,     322.72,   322.19,     322.72,   322.19
1968, 10,   25126, 1968.7896,   -99.99,   -99.99,     322.77,   322.28,     322.77,   322.28
1968, 11,   25157, 1968.8743,   -99.99,   -99.99,     322.71,   322.37,     322.71,   322.37
1968, 12,   25187, 1968.9563,   322.65,   322.50,     322.61,   322.46,     322.65,   322.50
1969, 01,   25218, 1969.0411,   322.36,   322.44,     322.48,   322.56,     322.36,   322.44
1969, 02,   25249, 1969.1260,   -99.99,   -99.99,     322.31,   322.66,     322.31,   322.66
1969, 03,   25277, 1969.2027,   322.26,   322.75,     322.26,   322.75,     322.26,   322.75
1969, 04,   25308, 1969.2877,   322.29,   322.75,     322.40,   322.86,     322.29,   322.75
1969, 05,   25338, 1969.3699,   322.59,   322.96,     322.59,   322.96,     322.59,   322.96
1969, 06,   25369, 1969.4548,   322.78,   323.00,     322.85,   323.07,     322.78,   323.00
1969, 07,   25399, 1969.5370,   323.26,   323.20,     323.23,   323.17,     323.26,   323.20
1969, 08,   25430, 1969.6219,   323.60,   323.23,     323.66,   323.28,     323.60,   323.23
1969, 09,   25461, 1969.7068,   324.16,   323.64,     323.92,   323.39,     324.16,   323.64
1969, 10,   25491, 1969.7890,   323.94,   323.44,     323.99,   323.50,     323.94,   323.44
1969, 11,   25522, 1969.8740,   323.96,   323.62,     323.94,   323.60,     323.96,   323.62
1969, 12,   25552, 1969.9562,   -99.99,   -99.99,     323.85,   323.70,     323.85,   323.70
1970, 01,   25583, 1970.0411,   323.69,   323.77,     323.72,   323.80,     323.69,   323.77
1970, 02,   25614, 1970.1260,   323.53,   323.88,     323.56,   323.91,     323.53,   323.88
1970, 03,   25642, 1970.2027,   323.43,   323.92,     323.50,   323.99,     323.43,   323.92
1970, 04,   25673, 1970.2877,   323.68,   324.14,     323.63,   324.09,     323.68,   324.14
1970, 05,   25703, 1970.3699,   323.76,   324.13,     323.82,   324.18,     323.76,   324.13
1970, 06,   25734, 1970.4548,   324.18,   324.41,     324.05,   324.28,     324.18,   324.41
1970, 07,   25764, 1970.5370,   324.48,   324.42,     324.42,   324.36,     324.48,   324.42
1970, 08,   25795, 1970.6219,   324.69,   324.32,     324.82,   324.45,     324.69,   324.32
1970, 09,   25826, 1970.7068,   325.18,   324.65,     325.05,   324.53,     325.18,   324.65
1970, 10,   25856, 1970.7890,   325.18,   324.69,     325.09,   324.60,     325.18,   324.69
1970, 11,   25887, 1970.8740,   325.23,   324.89,     325.01,   324.67,     325.23,   324.89
1970, 12,   25917, 1970.9562,   -99.99,   -99.99,     324.89,   324.74,     324.89,   324.74
1971, 01,   25948, 1971.0411,   324.80,   324.88,     324.72,   324.80,     324.80,   324.88
1971, 02,   25979, 1971.1260,   324.60,   324.95,     324.52,   324.86,     324.60,   324.95
1971, 03,   26007, 1971.2027,   324.32,   324.82,     324.43,   324.92,     324.32,   324.82
1971, 04,   26038, 1971.2877,   324.48,   324.94,     324.51,   324.97,     324.48,   324.94
1971, 05,   26068, 1971.3699,   324.67,   325.04,     324.66,   325.03,     324.67,   325.04
1971, 06,   26099, 1971.4548,   324.92,   325.14,     324.86,   325.08,     324.92,   325.14
1971, 07,   26129, 1971.5370,   325.15,   325.10,     325.20,   325.14,     325.15,   325.10
1971, 08,   26160, 1971.6219,   -99.99,   -99.99,     325.57,   325.20,     325.57,   325.20
1971, 09,   26191, 1971.7068,   325.77,   325.25,     325.78,   325.25,     325.77,   325.25
1971, 10,   26221, 1971.7890,   -99.99,   -99.99,     325.81,   325.31,     325.81,   325.31
1971, 11,   26252, 1971.8740,   325.73,   325.39,     325.72,   325.38,     325.73,   325.39
1971, 12,   26282, 1971.9562,   -99.99,   -99.99,     325.59,   325.44,     325.59,   325.44
1972, 01,   26313, 1972.0410,   -99.99,   -99.99,     325.43,   325.52,     325.43,   325.52
1972, 02,   26344, 1972.1257,   -99.99,   -99.99,     325.25,   325.59,     325.25,   325.59
1972, 03,   26373, 1972.2049,   325.05,   325.54,     325.18,   325.67,     325.05,   325.54
1972, 04,   26404, 1972.2896,   325.17,   325.64,     325.30,   325.76,     325.17,   325.64
1972, 05,   26434, 1972.3716,   325.31,   325.68,     325.49,   325.86,     325.31,   325.68
1972, 06,   26465, 1972.4563,   325.83,   326.05,     325.74,   325.96,     325.83,   326.05
1972, 07,   26495, 1972.5383,   326.14,   326.08,     326.13,   326.07,     326.14,   326.08
1972, 08,   26526, 1972.6230,   326.85,   326.48,     326.56,   326.19,     326.85,   326.48
1972, 09,   26557, 1972.7077,   326.54,   326.01,     326.84,   326.31,     326.54,   326.01
1972, 10,   26587, 1972.7896,   326.76,   326.27,     326.93,   326.43,     326.76,   326.27
1972, 11,   26618, 1972.8743,   327.02,   326.68,     326.91,   326.57,     327.02,   326.68
1972, 12,   26648, 1972.9563,   326.81,   326.66,     326.85,   326.70,     326.81,   326.66
1973, 01,   26679, 1973.0411,   326.74,   326.82,     326.76,   326.84,     326.74,   326.82
1973, 02,   26710, 1973.1260,   326.34,   326.69,     326.64,   326.99,     326.34,   326.69
1973, 03,   26738, 1973.2027,   326.35,   326.84,     326.63,   327.12,     326.35,   326.84
1973, 04,   26769, 1973.2877,   326.82,   327.28,     326.80,   327.27,     326.82,   327.28
1973, 05,   26799, 1973.3699,   327.10,   327.47,     327.04,   327.41,     327.10,   327.47
1973, 06,   26830, 1973.4548,   327.42,   327.65,     327.32,   327.54,     327.42,   327.65
1973, 07,   26860, 1973.5370,   327.74,   327.68,     327.73,   327.67,     327.74,   327.68
1973, 08,   26891, 1973.6219,   328.40,   328.03,     328.17,   327.79,     328.40,   328.03
1973, 09,   26922, 1973.7068,   328.69,   328.16,     328.43,   327.90,     328.69,   328.16
1973, 10,   26952, 1973.7890,   328.62,   328.13,     328.50,   328.00,     328.62,   328.13
1973, 11,   26983, 1973.8740,   328.59,   328.25,     328.43,   328.09,     328.59,   328.25
1973, 12,   27013, 1973.9562,   328.60,   328.45,     328.31,   328.16,     328.60,   328.45
1974, 01,   27044, 1974.0411,   328.30,   328.38,     328.15,   328.23,     328.30,   328.38
1974, 02,   27075, 1974.1260,   328.08,   328.43,     327.94,   328.29,     328.08,   328.43
1974, 03,   27103, 1974.2027,   328.08,   328.57,     327.84,   328.34,     328.08,   328.57
1974, 04,   27134, 1974.2877,   327.97,   328.44,     327.92,   328.38,     327.97,   328.44
1974, 05,   27164, 1974.3699,   328.01,   328.38,     328.06,   328.43,     328.01,   328.38
1974, 06,   27195, 1974.4548,   327.89,   328.12,     328.25,   328.48,     327.89,   328.12
1974, 07,   27225, 1974.5370,   328.47,   328.42,     328.58,   328.53,     328.47,   328.42
1974, 08,   27256, 1974.6219,   328.69,   328.31,     328.96,   328.58,     328.69,   328.31
1974, 09,   27287, 1974.7068,   328.94,   328.41,     329.18,   328.65,     328.94,   328.41
1974, 10,   27317, 1974.7890,   329.03,   328.53,     329.22,   328.72,     329.03,   328.53
1974, 11,   27348, 1974.8740,   329.13,   328.79,     329.14,   328.80,     329.13,   328.79
1974, 12,   27378, 1974.9562,   328.98,   328.83,     329.03,   328.88,     328.98,   328.83
1975, 01,   27409, 1975.0411,   328.89,   328.97,     328.89,   328.97,     328.89,   328.97
1975, 02,   27440, 1975.1260,   328.89,   329.25,     328.71,   329.06,     328.89,   329.25
1975, 03,   27468, 1975.2027,   328.85,   329.35,     328.65,   329.15,     328.85,   329.35
1975, 04,   27499, 1975.2877,   328.94,   329.41,     328.77,   329.24,     328.94,   329.41
1975, 05,   27529, 1975.3699,   328.94,   329.31,     328.96,   329.33,     328.94,   329.31
1975, 06,   27560, 1975.4548,   329.07,   329.29,     329.20,   329.43,     329.07,   329.29
1975, 07,   27590, 1975.5370,   329.36,   329.30,     329.58,   329.52,     329.36,   329.30
1975, 08,   27621, 1975.6219,   329.82,   329.45,     330.00,   329.62,     329.82,   329.45
1975, 09,   27652, 1975.7068,   330.22,   329.69,     330.25,   329.72,     330.22,   329.69
1975, 10,   27682, 1975.7890,   330.55,   330.05,     330.32,   329.82,     330.55,   330.05
1975, 11,   27713, 1975.8740,   330.45,   330.11,     330.26,   329.92,     330.45,   330.11
1975, 12,   27743, 1975.9562,   330.27,   330.12,     330.16,   330.01,     330.27,   330.12
1976, 01,   27774, 1976.0410,   330.31,   330.39,     330.01,   330.10,     330.31,   330.39
1976, 02,   27805, 1976.1257,   329.99,   330.35,     329.83,   330.19,     329.99,   330.35
1976, 03,   27834, 1976.2049,   329.92,   330.42,     329.77,   330.27,     329.92,   330.42
1976, 04,   27865, 1976.2896,   329.62,   330.09,     329.89,   330.35,     329.62,   330.09
1976, 05,   27895, 1976.3716,   329.93,   330.30,     330.07,   330.44,     329.93,   330.30
1976, 06,   27926, 1976.4563,   329.99,   330.21,     330.31,   330.54,     329.99,   330.21
1976, 07,   27956, 1976.5383,   330.47,   330.40,     330.70,   330.63,     330.47,   330.40
1976, 08,   27987, 1976.6230,   331.01,   330.63,     331.12,   330.74,     331.01,   330.63
1976, 09,   28018, 1976.7077,   331.38,   330.85,     331.38,   330.85,     331.38,   330.85
1976, 10,   28048, 1976.7896,   331.70,   331.20,     331.46,   330.96,     331.70,   331.20
1976, 11,   28079, 1976.8743,   331.75,   331.41,     331.42,   331.08,     331.75,   331.41
1976, 12,   28109, 1976.9563,   331.43,   331.28,     331.34,   331.19,     331.43,   331.28
1977, 01,   28140, 1977.0411,   331.23,   331.31,     331.23,   331.31,     331.23,   331.31
1977, 02,   28171, 1977.1260,   330.99,   331.35,     331.08,   331.43,     330.99,   331.35
1977, 03,   28199, 1977.2027,   330.84,   331.34,     331.05,   331.55,     330.84,   331.34
1977, 04,   28230, 1977.2877,   331.33,   331.80,     331.22,   331.68,     331.33,   331.80
1977, 05,   28260, 1977.3699,   331.41,   331.78,     331.44,   331.82,     331.41,   331.78
1977, 06,   28291, 1977.4548,   331.62,   331.85,     331.73,   331.96,     331.62,   331.85
1977, 07,   28321, 1977.5370,   332.06,   332.01,     332.16,   332.10,     332.06,   332.01
1977, 08,   28352, 1977.6219,   332.45,   332.07,     332.63,   332.25,     332.45,   332.07
1977, 09,   28383, 1977.7068,   332.86,   332.32,     332.93,   332.40,     332.86,   332.32
1977, 10,   28413, 1977.7890,   333.08,   332.58,     333.05,   332.55,     333.08,   332.58
1977, 11,   28444, 1977.8740,   333.30,   332.96,     333.04,   332.69,     333.30,   332.96
1977, 12,   28474, 1977.9562,   333.19,   333.04,     332.99,   332.84,     333.19,   333.04
1978, 01,   28505, 1978.0411,   332.83,   332.92,     332.90,   332.98,     332.83,   332.92
1978, 02,   28536, 1978.1260,   332.68,   333.03,     332.76,   333.12,     332.68,   333.03
1978, 03,   28564, 1978.2027,   332.85,   333.35,     332.74,   333.24,     332.85,   333.35
1978, 04,   28595, 1978.2877,   332.98,   333.45,     332.90,   333.37,     332.98,   333.45
1978, 05,   28625, 1978.3699,   -99.99,   -99.99,     333.12,   333.49,     333.12,   333.49
1978, 06,   28656, 1978.4548,   333.37,   333.60,     333.39,   333.61,     333.37,   333.60
1978, 07,   28686, 1978.5370,   333.83,   333.78,     333.78,   333.73,     333.83,   333.78
1978, 08,   28717, 1978.6219,   334.28,   333.90,     334.22,   333.84,     334.28,   333.90
1978, 09,   28748, 1978.7068,   334.74,   334.20,     334.48,   333.94,     334.74,   334.20
1978, 10,   28778, 1978.7890,   334.83,   334.33,     334.55,   334.04,     334.83,   334.33
1978, 11,   28809, 1978.8740,   334.58,   334.23,     334.49,   334.15,     334.58,   334.23
1978, 12,   28839, 1978.9562,   334.29,   334.14,     334.40,   334.25,     334.29,   334.14
1979, 01,   28870, 1979.0411,   334.03,   334.11,     334.27,   334.35,     334.03,   334.11
1979, 02,   28901, 1979.1260,   334.03,   334.39,     334.11,   334.46,     334.03,   334.39
1979, 03,   28929, 1979.2027,   333.82,   334.32,     334.07,   334.57,     333.82,   334.32
1979, 04,   28960, 1979.2877,   334.18,   334.65,     334.23,   334.70,     334.18,   334.65
1979, 05,   28990, 1979.3699,   334.32,   334.70,     334.45,   334.83,     334.32,   334.70
1979, 06,   29021, 1979.4548,   334.52,   334.75,     334.75,   334.97,     334.52,   334.75
1979, 07,   29051, 1979.5370,   335.16,   335.10,     335.18,   335.12,     335.16,   335.10
1979, 08,   29082, 1979.6219,   335.72,   335.34,     335.65,   335.27,     335.72,   335.34
1979, 09,   29113, 1979.7068,   335.87,   335.33,     335.97,   335.44,     335.87,   335.33
1979, 10,   29143, 1979.7890,   335.99,   335.49,     336.10,   335.60,     335.99,   335.49
1979, 11,   29174, 1979.8740,   336.38,   336.03,     336.11,   335.77,     336.38,   336.03
1979, 12,   29204, 1979.9562,   336.04,   335.89,     336.08,   335.93,     336.04,   335.89
1980, 01,   29235, 1980.0410,   336.06,   336.14,     336.02,   336.10,     336.06,   336.14
1980, 02,   29266, 1980.1257,   335.74,   336.10,     335.92,   336.27,     335.74,   336.10
1980, 03,   29295, 1980.2049,   -99.99,   -99.99,     335.92,   336.43,     335.92,   336.43
1980, 04,   29326, 1980.2896,   336.10,   336.57,     336.12,   336.59,     336.10,   336.57
1980, 05,   29356, 1980.3716,   336.21,   336.59,     336.37,   336.75,     336.21,   336.59
1980, 06,   29387, 1980.4563,   336.91,   337.13,     336.68,   336.90,     336.91,   337.13
1980, 07,   29417, 1980.5383,   337.46,   337.40,     337.11,   337.05,     337.46,   337.40
1980, 08,   29448, 1980.6230,   337.56,   337.17,     337.57,   337.19,     337.56,   337.17
1980, 09,   29479, 1980.7077,   337.86,   337.32,     337.86,   337.32,     337.86,   337.32
1980, 10,   29509, 1980.7896,   337.87,   337.37,     337.95,   337.44,     337.87,   337.37
1980, 11,   29540, 1980.8743,   337.97,   337.62,     337.91,   337.56,     337.97,   337.62
1980, 12,   29570, 1980.9563,   338.05,   337.89,     337.83,   337.67,     338.05,   337.89
1981, 01,   29601, 1981.0411,   337.77,   337.85,     337.70,   337.78,     337.77,   337.85
1981, 02,   29632, 1981.1260,   337.48,   337.84,     337.52,   337.88,     337.48,   337.84
1981, 03,   29660, 1981.2027,   337.45,   337.95,     337.46,   337.97,     337.45,   337.95
1981, 04,   29691, 1981.2877,   337.53,   338.00,     337.58,   338.06,     337.53,   338.00
1981, 05,   29721, 1981.3699,   337.66,   338.04,     337.77,   338.14,     337.66,   338.04
1981, 06,   29752, 1981.4548,   338.17,   338.40,     338.00,   338.23,     338.17,   338.40
1981, 07,   29782, 1981.5370,   338.39,   338.33,     338.37,   338.31,     338.39,   338.33
1981, 08,   29813, 1981.6219,   338.77,   338.38,     338.78,   338.39,     338.77,   338.38
1981, 09,   29844, 1981.7068,   338.80,   338.27,     339.02,   338.48,     338.80,   338.27
1981, 10,   29874, 1981.7890,   339.13,   338.63,     339.07,   338.56,     339.13,   338.63
1981, 11,   29905, 1981.8740,   338.87,   338.52,     339.00,   338.65,     338.87,   338.52
1981, 12,   29935, 1981.9562,   338.90,   338.75,     338.89,   338.74,     338.90,   338.75
1982, 01,   29966, 1982.0411,   -99.99,   -99.99,     338.75,   338.83,     338.75,   338.83
1982, 02,   29997, 1982.1260,   338.61,   338.97,     338.57,   338.93,     338.61,   338.97
1982, 03,   30025, 1982.2027,   338.38,   338.89,     338.52,   339.02,     338.38,   338.89
1982, 04,   30056, 1982.2877,   338.70,   339.18,     338.65,   339.12,     338.70,   339.18
1982, 05,   30086, 1982.3699,   338.98,   339.36,     338.85,   339.23,     338.98,   339.36
1982, 06,   30117, 1982.4548,   339.22,   339.44,     339.11,   339.34,     339.22,   339.44
1982, 07,   30147, 1982.5370,   339.35,   339.29,     339.50,   339.45,     339.35,   339.29
1982, 08,   30178, 1982.6219,   340.13,   339.74,     339.95,   339.56,     340.13,   339.74
1982, 09,   30209, 1982.7068,   340.30,   339.76,     340.23,   339.69,     340.30,   339.76
1982, 10,   30239, 1982.7890,   340.33,   339.82,     340.32,   339.81,     340.33,   339.82
1982, 11,   30270, 1982.8740,   340.06,   339.71,     340.30,   339.95,     340.06,   339.71
1982, 12,   30300, 1982.9562,   339.96,   339.81,     340.25,   340.09,     339.96,   339.81
1983, 01,   30331, 1983.0411,   339.86,   339.95,     340.16,   340.25,     339.86,   339.95
1983, 02,   30362, 1983.1260,   339.83,   340.18,     340.06,   340.41,     339.83,   340.18
1983, 03,   30390, 1983.2027,   339.84,   340.34,     340.06,   340.57,     339.84,   340.34
1983, 04,   30421, 1983.2877,   340.31,   340.79,     340.27,   340.74,     340.31,   340.79
1983, 05,   30451, 1983.3699,   340.62,   340.99,     340.53,   340.91,     340.62,   340.99
1983, 06,   30482, 1983.4548,   341.01,   341.24,     340.85,   341.08,     341.01,   341.24
1983, 07,   30512, 1983.5370,   341.41,   341.35,     341.30,   341.24,     341.41,   341.35
1983, 08,   30543, 1983.6219,   341.88,   341.49,     341.79,   341.41,     341.88,   341.49
1983, 09,   30574, 1983.7068,   342.32,   341.78,     342.10,   341.56,     342.32,   341.78
1983, 10,   30604, 1983.7890,   342.28,   341.77,     342.21,   341.70,     342.28,   341.77
1983, 11,   30635, 1983.8740,   342.54,   342.19,     342.18,   341.83,     342.54,   342.19
1983, 12,   30665, 1983.9562,   342.35,   342.20,     342.10,   341.95,     342.35,   342.20
1984, 01,   30696, 1984.0410,   342.05,   342.14,     341.98,   342.07,     342.05,   342.14
1984, 02,   30727, 1984.1257,   -99.99,   -99.99,     341.81,   342.17,     341.81,   342.17
1984, 03,   30756, 1984.2049,   341.72,   342.23,     341.76,   342.27,     341.72,   342.23
1984, 04,   30787, 1984.2896,   341.84,   342.32,     341.89,   342.36,     341.84,   342.32
1984, 05,   30817, 1984.3716,   341.87,   342.24,     342.07,   342.45,     341.87,   342.24
1984, 06,   30848, 1984.4563,   342.03,   342.26,     342.32,   342.54,     342.03,   342.26
1984, 07,   30878, 1984.5383,   342.82,   342.75,     342.69,   342.63,     342.82,   342.75
1984, 08,   30909, 1984.6230,   343.20,   342.82,     343.11,   342.72,     343.20,   342.82
1984, 09,   30940, 1984.7077,   343.45,   342.91,     343.35,   342.81,     343.45,   342.91
1984, 10,   30970, 1984.7896,   343.50,   342.99,     343.40,   342.90,     343.50,   342.99
1984, 11,   31001, 1984.8743,   343.33,   342.98,     343.34,   342.99,     343.33,   342.98
1984, 12,   31031, 1984.9563,   343.16,   343.00,     343.23,   343.08,     343.16,   343.00
1985, 01,   31062, 1985.0411,   343.01,   343.10,     343.09,   343.18,     343.01,   343.10
1985, 02,   31093, 1985.1260,   342.83,   343.19,     342.92,   343.28,     342.83,   343.19
1985, 03,   31121, 1985.2027,   342.72,   343.23,     342.88,   343.38,     342.72,   343.23
1985, 04,   31152, 1985.2877,   342.76,   343.24,     343.02,   343.50,     342.76,   343.24
1985, 05,   31182, 1985.3699,   343.11,   343.49,     343.24,   343.62,     343.11,   343.49
1985, 06,   31213, 1985.4548,   343.45,   343.68,     343.52,   343.75,     343.45,   343.68
1985, 07,   31243, 1985.5370,   343.93,   343.87,     343.94,   343.88,     343.93,   343.87
1985, 08,   31274, 1985.6219,   344.52,   344.13,     344.40,   344.02,     344.52,   344.13
1985, 09,   31305, 1985.7068,   344.86,   344.31,     344.69,   344.15,     344.86,   344.31
1985, 10,   31335, 1985.7890,   344.94,   344.43,     344.79,   344.28,     344.94,   344.43
1985, 11,   31366, 1985.8740,   344.79,   344.43,     344.77,   344.41,     344.79,   344.43
1985, 12,   31396, 1985.9562,   344.65,   344.49,     344.69,   344.54,     344.65,   344.49
1986, 01,   31427, 1986.0411,   344.62,   344.71,     344.58,   344.67,     344.62,   344.71
1986, 02,   31458, 1986.1260,   344.57,   344.93,     344.43,   344.79,     344.57,   344.93
1986, 03,   31486, 1986.2027,   344.50,   345.01,     344.40,   344.90,     344.50,   345.01
1986, 04,   31517, 1986.2877,   344.63,   345.11,     344.55,   345.02,     344.63,   345.11
1986, 05,   31547, 1986.3699,   344.69,   345.07,     344.76,   345.14,     344.69,   345.07
1986, 06,   31578, 1986.4548,   345.03,   345.26,     345.03,   345.26,     345.03,   345.26
1986, 07,   31608, 1986.5370,   345.55,   345.49,     345.43,   345.37,     345.55,   345.49
1986, 08,   31639, 1986.6219,   345.94,   345.55,     345.87,   345.49,     345.94,   345.55
1986, 09,   31670, 1986.7068,   346.18,   345.63,     346.15,   345.61,     346.18,   345.63
1986, 10,   31700, 1986.7890,   346.16,   345.65,     346.24,   345.73,     346.16,   345.65
1986, 11,   31731, 1986.8740,   346.17,   345.81,     346.21,   345.85,     346.17,   345.81
1986, 12,   31761, 1986.9562,   346.05,   345.89,     346.14,   345.98,     346.05,   345.89
1987, 01,   31792, 1987.0411,   345.87,   345.95,     346.04,   346.12,     345.87,   345.95
1987, 02,   31823, 1987.1260,   345.79,   346.15,     345.91,   346.27,     345.79,   346.15
1987, 03,   31851, 1987.2027,   345.74,   346.25,     345.90,   346.41,     345.74,   346.25
1987, 04,   31882, 1987.2877,   346.11,   346.59,     346.09,   346.57,     346.11,   346.59
1987, 05,   31912, 1987.3699,   346.22,   346.60,     346.35,   346.73,     346.22,   346.60
1987, 06,   31943, 1987.4548,   346.61,   346.84,     346.68,   346.91,     346.61,   346.84
1987, 07,   31973, 1987.5370,   347.19,   347.13,     347.14,   347.08,     347.19,   347.13
1987, 08,   32004, 1987.6219,   347.63,   347.24,     347.64,   347.26,     347.63,   347.24
1987, 09,   32035, 1987.7068,   348.07,   347.52,     347.98,   347.44,     348.07,   347.52
1987, 10,   32065, 1987.7890,   348.09,   347.58,     348.12,   347.61,     348.09,   347.58
1987, 11,   32096, 1987.8740,   348.18,   347.83,     348.14,   347.79,     348.18,   347.83
1987, 12,   32126, 1987.9562,   348.32,   348.17,     348.11,   347.96,     348.32,   348.17
1988, 01,   32157, 1988.0410,   348.28,   348.37,     348.04,   348.12,     348.28,   348.37
1988, 02,   32188, 1988.1257,   348.05,   348.41,     347.93,   348.29,     348.05,   348.41
1988, 03,   32217, 1988.2049,   347.87,   348.39,     347.92,   348.44,     347.87,   348.39
1988, 04,   32248, 1988.2896,   348.20,   348.68,     348.11,   348.59,     348.20,   348.68
1988, 05,   32278, 1988.3716,   348.33,   348.71,     348.36,   348.74,     348.33,   348.71
1988, 06,   32309, 1988.4563,   348.60,   348.82,     348.66,   348.88,     348.60,   348.82
1988, 07,   32339, 1988.5383,   349.08,   349.01,     349.09,   349.02,     349.08,   349.01
1988, 08,   32370, 1988.6230,   349.60,   349.21,     349.56,   349.16,     349.60,   349.21
1988, 09,   32401, 1988.7077,   349.74,   349.20,     349.85,   349.30,     349.74,   349.20
1988, 10,   32431, 1988.7896,   349.88,   349.37,     349.95,   349.43,     349.88,   349.37
1988, 11,   32462, 1988.8743,   349.82,   349.46,     349.92,   349.57,     349.82,   349.46
1988, 12,   32492, 1988.9563,   349.82,   349.66,     349.85,   349.70,     349.82,   349.66
1989, 01,   32523, 1989.0411,   349.81,   349.90,     349.74,   349.83,     349.81,   349.90
1989, 02,   32554, 1989.1260,   349.76,   350.12,     349.59,   349.95,     349.76,   350.12
1989, 03,   32582, 1989.2027,   349.65,   350.17,     349.55,   350.07,     349.65,   350.17
1989, 04,   32613, 1989.2877,   349.73,   350.21,     349.70,   350.18,     349.73,   350.21
1989, 05,   32643, 1989.3699,   349.93,   350.31,     349.91,   350.30,     349.93,   350.31
1989, 06,   32674, 1989.4548,   350.18,   350.42,     350.18,   350.41,     350.18,   350.42
1989, 07,   32704, 1989.5370,   350.60,   350.54,     350.57,   350.51,     350.60,   350.54
1989, 08,   32735, 1989.6219,   351.13,   350.74,     351.01,   350.62,     351.13,   350.74
1989, 09,   32766, 1989.7068,   351.39,   350.84,     351.27,   350.73,     351.39,   350.84
1989, 10,   32796, 1989.7890,   351.30,   350.78,     351.34,   350.83,     351.30,   350.78
1989, 11,   32827, 1989.8740,   351.33,   350.98,     351.29,   350.93,     351.33,   350.98
1989, 12,   32857, 1989.9562,   350.99,   350.84,     351.19,   351.04,     350.99,   350.84
1990, 01,   32888, 1990.0411,   350.79,   350.87,     351.06,   351.15,     350.79,   350.87
1990, 02,   32919, 1990.1260,   350.52,   350.89,     350.90,   351.27,     350.52,   350.89
1990, 03,   32947, 1990.2027,   350.63,   351.15,     350.86,   351.38,     350.63,   351.15
1990, 04,   32978, 1990.2877,   350.89,   351.37,     351.02,   351.50,     350.89,   351.37
1990, 05,   33008, 1990.3699,   351.36,   351.75,     351.24,   351.62,     351.36,   351.75
1990, 06,   33039, 1990.4548,   351.59,   351.82,     351.52,   351.75,     351.59,   351.82
1990, 07,   33069, 1990.5370,   352.07,   352.01,     351.93,   351.87,     352.07,   352.01
1990, 08,   33100, 1990.6219,   352.53,   352.14,     352.39,   352.00,     352.53,   352.14
1990, 09,   33131, 1990.7068,   352.75,   352.20,     352.67,   352.12,     352.75,   352.20
1990, 10,   33161, 1990.7890,   352.57,   352.05,     352.75,   352.24,     352.57,   352.05
1990, 11,   33192, 1990.8740,   352.83,   352.47,     352.71,   352.35,     352.83,   352.47
1990, 12,   33222, 1990.9562,   352.62,   352.47,     352.62,   352.47,     352.62,   352.47
1991, 01,   33253, 1991.0411,   -99.99,   -99.99,     352.49,   352.58,     352.49,   352.58
1991, 02,   33284, 1991.1260,   352.30,   352.67,     352.32,   352.69,     352.30,   352.67
1991, 03,   33312, 1991.2027,   352.27,   352.79,     352.27,   352.79,     352.27,   352.79
1991, 04,   33343, 1991.2877,   352.44,   352.92,     352.41,   352.89,     352.44,   352.92
1991, 05,   33373, 1991.3699,   352.54,   352.93,     352.61,   352.99,     352.54,   352.93
1991, 06,   33404, 1991.4548,   352.96,   353.20,     352.86,   353.09,     352.96,   353.20
1991, 07,   33434, 1991.5370,   353.41,   353.35,     353.24,   353.18,     353.41,   353.35
1991, 08,   33465, 1991.6219,   353.68,   353.29,     353.67,   353.28,     353.68,   353.29
1991, 09,   33496, 1991.7068,   354.08,   353.53,     353.92,   353.37,     354.08,   353.53
1991, 10,   33526, 1991.7890,   353.88,   353.37,     353.98,   353.46,     353.88,   353.37
1991, 11,   33557, 1991.8740,   353.94,   353.58,     353.91,   353.55,     353.94,   353.58
1991, 12,   33587, 1991.9562,   353.78,   353.62,     353.80,   353.64,     353.78,   353.62
1992, 01,   33618, 1992.0410,   353.57,   353.66,     353.65,   353.73,     353.57,   353.66
1992, 02,   33649, 1992.1257,   353.43,   353.79,     353.46,   353.83,     353.43,   353.79
1992, 03,   33678, 1992.2049,   353.03,   353.55,     353.40,   353.92,     353.03,   353.55
1992, 04,   33709, 1992.2896,   353.23,   353.71,     353.54,   354.02,     353.23,   353.71
1992, 05,   33739, 1992.3716,   353.74,   354.12,     353.73,   354.12,     353.74,   354.12
1992, 06,   33770, 1992.4563,   354.00,   354.23,     353.99,   354.22,     354.00,   354.23
1992, 07,   33800, 1992.5383,   354.61,   354.54,     354.38,   354.31,     354.61,   354.54
1992, 08,   33831, 1992.6230,   354.94,   354.54,     354.80,   354.40,     354.94,   354.54
1992, 09,   33862, 1992.7077,   355.25,   354.69,     355.04,   354.49,     355.25,   354.69
1992, 10,   33892, 1992.7896,   355.36,   354.84,     355.09,   354.57,     355.36,   354.84
1992, 11,   33923, 1992.8743,   355.10,   354.75,     355.00,   354.64,     355.10,   354.75
1992, 12,   33953, 1992.9563,   354.88,   354.72,     354.87,   354.71,     354.88,   354.72
1993, 01,   33984, 1993.0411,   354.73,   354.82,     354.69,   354.78,     354.73,   354.82
1993, 02,   34015, 1993.1260,   354.50,   354.87,     354.48,   354.85,     354.50,   354.87
1993, 03,   34043, 1993.2027,   354.22,   354.74,     354.39,   354.91,     354.22,   354.74
1993, 04,   34074, 1993.2877,   354.42,   354.91,     354.49,   354.97,     354.42,   354.91
1993, 05,   34104, 1993.3699,   354.49,   354.88,     354.66,   355.04,     354.49,   354.88
1993, 06,   34135, 1993.4548,   354.84,   355.08,     354.88,   355.12,     354.84,   355.08
1993, 07,   34165, 1993.5370,   355.21,   355.15,     355.25,   355.19,     355.21,   355.15
1993, 08,   34196, 1993.6219,   355.69,   355.30,     355.67,   355.28,     355.69,   355.30
1993, 09,   34227, 1993.7068,   356.04,   355.48,     355.92,   355.36,     356.04,   355.48
1993, 10,   34257, 1993.7890,   356.05,   355.53,     355.97,   355.45,     356.05,   355.53
1993, 11,   34288, 1993.8740,   355.97,   355.62,     355.91,   355.55,     355.97,   355.62
1993, 12,   34318, 1993.9562,   355.69,   355.53,     355.80,   355.65,     355.69,   355.53
1994, 01,   34349, 1994.0411,   355.50,   355.58,     355.67,   355.76,     355.50,   355.58
1994, 02,   34380, 1994.1260,   355.46,   355.82,     355.50,   355.87,     355.46,   355.82
1994, 03,   34408, 1994.2027,   355.50,   356.02,     355.47,   355.98,     355.50,   356.02
1994, 04,   34439, 1994.2877,   355.64,   356.13,     355.63,   356.12,     355.64,   356.13
1994, 05,   34469, 1994.3699,   355.70,   356.08,     355.86,   356.25,     355.70,   356.08
1994, 06,   34500, 1994.4548,   355.99,   356.23,     356.16,   356.40,     355.99,   356.23
1994, 07,   34530, 1994.5370,   356.47,   356.41,     356.61,   356.55,     356.47,   356.41
1994, 08,   34561, 1994.6219,   357.11,   356.71,     357.10,   356.70,     357.11,   356.71
1994, 09,   34592, 1994.7068,   357.60,   357.05,     357.42,   356.87,     357.60,   357.05
1994, 10,   34622, 1994.7890,   357.52,   357.00,     357.54,   357.02,     357.52,   357.00
1994, 11,   34653, 1994.8740,   357.71,   357.35,     357.55,   357.19,     357.71,   357.35
1994, 12,   34683, 1994.9562,   357.52,   357.36,     357.50,   357.35,     357.52,   357.36
1995, 01,   34714, 1995.0411,   357.45,   357.54,     357.42,   357.51,     357.45,   357.54
1995, 02,   34745, 1995.1260,   357.36,   357.73,     357.30,   357.67,     357.36,   357.73
1995, 03,   34773, 1995.2027,   357.36,   357.88,     357.29,   357.81,     357.36,   357.88
1995, 04,   34804, 1995.2877,   357.64,   358.13,     357.48,   357.97,     357.64,   358.13
1995, 05,   34834, 1995.3699,   357.82,   358.21,     357.73,   358.12,     357.82,   358.21
1995, 06,   34865, 1995.4548,   357.96,   358.19,     358.04,   358.28,     357.96,   358.19
1995, 07,   34895, 1995.5370,   358.34,   358.28,     358.49,   358.43,     358.34,   358.28
1995, 08,   34926, 1995.6219,   358.75,   358.36,     358.98,   358.59,     358.75,   358.36
1995, 09,   34957, 1995.7068,   359.14,   358.59,     359.30,   358.74,     359.14,   358.59
1995, 10,   34987, 1995.7890,   359.27,   358.75,     359.41,   358.89,     359.27,   358.75
1995, 11,   35018, 1995.8740,   359.42,   359.06,     359.40,   359.05,     359.42,   359.06
1995, 12,   35048, 1995.9562,   359.47,   359.31,     359.35,   359.19,     359.47,   359.31
1996, 01,   35079, 1996.0410,   359.36,   359.45,     359.25,   359.33,     359.36,   359.45
1996, 02,   35110, 1996.1257,   359.34,   359.71,     359.10,   359.47,     359.34,   359.71
1996, 03,   35139, 1996.2049,   359.25,   359.78,     359.06,   359.59,     359.25,   359.78
1996, 04,   35170, 1996.2896,   359.36,   359.85,     359.22,   359.71,     359.36,   359.85
1996, 05,   35200, 1996.3716,   359.43,   359.81,     359.43,   359.81,     359.43,   359.81
1996, 06,   35231, 1996.4563,   359.71,   359.94,     359.69,   359.92,     359.71,   359.94
1996, 07,   35261, 1996.5383,   360.16,   360.09,     360.08,   360.02,     360.16,   360.09
1996, 08,   35292, 1996.6230,   360.52,   360.12,     360.51,   360.11,     360.52,   360.12
1996, 09,   35323, 1996.7077,   360.70,   360.14,     360.77,   360.21,     360.70,   360.14
1996, 10,   35353, 1996.7896,   360.71,   360.19,     360.82,   360.30,     360.71,   360.19
1996, 11,   35384, 1996.8743,   360.73,   360.37,     360.75,   360.39,     360.73,   360.37
1996, 12,   35414, 1996.9563,   360.70,   360.54,     360.64,   360.48,     360.70,   360.54
1997, 01,   35445, 1997.0411,   360.53,   360.62,     360.49,   360.58,     360.53,   360.62
1997, 02,   35476, 1997.1260,   360.46,   360.83,     360.31,   360.68,     360.46,   360.83
1997, 03,   35504, 1997.2027,   360.32,   360.84,     360.25,   360.78,     360.32,   360.84
1997, 04,   35535, 1997.2877,   360.49,   360.98,     360.40,   360.89,     360.49,   360.98
1997, 05,   35565, 1997.3699,   360.58,   360.97,     360.61,   361.00,     360.58,   360.97
1997, 06,   35596, 1997.4548,   360.91,   361.15,     360.89,   361.13,     360.91,   361.15
1997, 07,   35626, 1997.5370,   361.25,   361.19,     361.32,   361.26,     361.25,   361.19
1997, 08,   35657, 1997.6219,   361.53,   361.14,     361.81,   361.42,     361.53,   361.14
1997, 09,   35688, 1997.7068,   361.94,   361.38,     362.14,   361.58,     361.94,   361.38
1997, 10,   35718, 1997.7890,   362.01,   361.49,     362.29,   361.76,     362.01,   361.49
1997, 11,   35749, 1997.8740,   362.11,   361.75,     362.33,   361.96,     362.11,   361.75
1997, 12,   35779, 1997.9562,   362.15,   361.99,     362.33,   362.17,     362.15,   361.99
1998, 01,   35810, 1998.0411,   362.09,   362.18,     362.31,   362.40,     362.09,   362.18
1998, 02,   35841, 1998.1260,   362.29,   362.66,     362.27,   362.64,     362.29,   362.66
1998, 03,   35869, 1998.2027,   362.39,   362.92,     362.33,   362.86,     362.39,   362.92
1998, 04,   35900, 1998.2877,   362.67,   363.16,     362.61,   363.10,     362.67,   363.16
1998, 05,   35930, 1998.3699,   362.98,   363.38,     362.94,   363.34,     362.98,   363.38
1998, 06,   35961, 1998.4548,   363.54,   363.78,     363.34,   363.57,     363.54,   363.78
1998, 07,   35991, 1998.5370,   364.05,   363.99,     363.86,   363.80,     364.05,   363.99
1998, 08,   36022, 1998.6219,   364.56,   364.17,     364.42,   364.02,     364.56,   364.17
1998, 09,   36053, 1998.7068,   364.98,   364.42,     364.79,   364.23,     364.98,   364.42
1998, 10,   36083, 1998.7890,   365.01,   364.49,     364.95,   364.42,     365.01,   364.49
1998, 11,   36114, 1998.8740,   365.12,   364.76,     364.97,   364.61,     365.12,   364.76
1998, 12,   36144, 1998.9562,   364.98,   364.82,     364.94,   364.78,     364.98,   364.82
1999, 01,   36175, 1999.0411,   364.95,   365.03,     364.86,   364.94,     364.95,   365.03
1999, 02,   36206, 1999.1260,   364.76,   365.13,     364.73,   365.10,     364.76,   365.13
1999, 03,   36234, 1999.2027,   364.82,   365.34,     364.71,   365.23,     364.82,   365.34
1999, 04,   36265, 1999.2877,   364.99,   365.48,     364.88,   365.37,     364.99,   365.48
1999, 05,   36295, 1999.3699,   365.06,   365.45,     365.11,   365.50,     365.06,   365.45
1999, 06,   36326, 1999.4548,   -99.99,   -99.99,     365.39,   365.63,     365.39,   365.63
1999, 07,   36356, 1999.5370,   365.67,   365.61,     365.81,   365.75,     365.67,   365.61
1999, 08,   36387, 1999.6219,   365.92,   365.52,     366.27,   365.87,     365.92,   365.52
1999, 09,   36418, 1999.7068,   366.35,   365.79,     366.56,   366.00,     366.35,   365.79
1999, 10,   36448, 1999.7890,   366.50,   365.97,     366.64,   366.11,     366.50,   365.97
1999, 11,   36479, 1999.8740,   366.73,   366.36,     366.60,   366.24,     366.73,   366.36
1999, 12,   36509, 1999.9562,   366.80,   366.64,     366.51,   366.35,     366.80,   366.64
2000, 01,   36540, 2000.0410,   366.48,   366.57,     366.38,   366.47,     366.48,   366.57
2000, 02,   36571, 2000.1257,   366.49,   366.86,     366.20,   366.58,     366.49,   366.86
2000, 03,   36600, 2000.2049,   -99.99,   -99.99,     366.15,   366.67,     366.15,   366.67
2000, 04,   36631, 2000.2896,   366.46,   366.95,     366.28,   366.77,     366.46,   366.95
2000, 05,   36661, 2000.3716,   366.58,   366.97,     366.48,   366.87,     366.58,   366.97
2000, 06,   36692, 2000.4563,   366.79,   367.02,     366.73,   366.96,     366.79,   367.02
2000, 07,   36722, 2000.5383,   367.12,   367.05,     367.11,   367.05,     367.12,   367.05
2000, 08,   36753, 2000.6230,   367.53,   367.13,     367.54,   367.14,     367.53,   367.13
2000, 09,   36784, 2000.7077,   367.65,   367.09,     367.79,   367.23,     367.65,   367.09
2000, 10,   36814, 2000.7896,   367.74,   367.22,     367.85,   367.32,     367.74,   367.22
2000, 11,   36845, 2000.8743,   367.88,   367.52,     367.78,   367.42,     367.88,   367.52
2000, 12,   36875, 2000.9563,   367.83,   367.68,     367.67,   367.51,     367.83,   367.68
2001, 01,   36906, 2001.0411,   367.81,   367.90,     367.53,   367.62,     367.81,   367.90
2001, 02,   36937, 2001.1260,   367.10,   367.47,     367.36,   367.73,     367.10,   367.47
2001, 03,   36965, 2001.2027,   367.04,   367.57,     367.32,   367.84,     367.04,   367.57
2001, 04,   36996, 2001.2877,   367.37,   367.86,     367.48,   367.97,     367.37,   367.86
2001, 05,   37026, 2001.3699,   367.61,   368.00,     367.72,   368.11,     367.61,   368.00
2001, 06,   37057, 2001.4548,   367.94,   368.17,     368.02,   368.26,     367.94,   368.17
2001, 07,   37087, 2001.5370,   368.30,   368.24,     368.48,   368.42,     368.30,   368.24
2001, 08,   37118, 2001.6219,   368.86,   368.46,     368.99,   368.59,     368.86,   368.46
2001, 09,   37149, 2001.7068,   369.44,   368.88,     369.34,   368.78,     369.44,   368.88
2001, 10,   37179, 2001.7890,   369.60,   369.07,     369.49,   368.96,     369.60,   369.07
2001, 11,   37210, 2001.8740,   369.48,   369.11,     369.52,   369.15,     369.48,   369.11
2001, 12,   37240, 2001.9562,   369.25,   369.09,     369.51,   369.35,     369.25,   369.09
2002, 01,   37271, 2002.0411,   369.31,   369.40,     369.46,   369.55,     369.31,   369.40
2002, 02,   37302, 2002.1260,   369.50,   369.87,     369.38,   369.76,     369.50,   369.87
2002, 03,   37330, 2002.2027,   369.60,   370.13,     369.42,   369.95,     369.60,   370.13
2002, 04,   37361, 2002.2877,   369.72,   370.22,     369.66,   370.15,     369.72,   370.22
2002, 05,   37391, 2002.3699,   369.99,   370.39,     369.96,   370.35,     369.99,   370.39
2002, 06,   37422, 2002.4548,   370.39,   370.63,     370.32,   370.56,     370.39,   370.63
2002, 07,   37452, 2002.5370,   370.89,   370.83,     370.81,   370.75,     370.89,   370.83
2002, 08,   37483, 2002.6219,   371.47,   371.07,     371.35,   370.95,     371.47,   371.07
2002, 09,   37514, 2002.7068,   371.70,   371.13,     371.71,   371.14,     371.70,   371.13
2002, 10,   37544, 2002.7890,   371.83,   371.30,     371.86,   371.33,     371.83,   371.30
2002, 11,   37575, 2002.8740,   371.82,   371.45,     371.89,   371.52,     371.82,   371.45
2002, 12,   37605, 2002.9562,   371.61,   371.45,     371.86,   371.70,     371.61,   371.45
2003, 01,   37636, 2003.0411,   371.93,   372.02,     371.80,   371.89,     371.93,   372.02
2003, 02,   37667, 2003.1260,   371.77,   372.14,     371.69,   372.07,     371.77,   372.14
2003, 03,   37695, 2003.2027,   371.70,   372.22,     371.70,   372.23,     371.70,   372.22
2003, 04,   37726, 2003.2877,   371.99,   372.48,     371.91,   372.40,     371.99,   372.48
2003, 05,   37756, 2003.3699,   372.32,   372.71,     372.17,   372.57,     372.32,   372.71
2003, 06,   37787, 2003.4548,   372.58,   372.82,     372.49,   372.73,     372.58,   372.82
2003, 07,   37817, 2003.5370,   372.97,   372.91,     372.95,   372.89,     372.97,   372.91
2003, 08,   37848, 2003.6219,   373.41,   373.00,     373.45,   373.05,     373.41,   373.00
2003, 09,   37879, 2003.7068,   373.89,   373.33,     373.77,   373.20,     373.89,   373.33
2003, 10,   37909, 2003.7890,   373.81,   373.28,     373.88,   373.35,     373.81,   373.28
2003, 11,   37940, 2003.8740,   373.64,   373.27,     373.87,   373.51,     373.64,   373.27
2003, 12,   37970, 2003.9562,   373.61,   373.45,     373.82,   373.66,     373.61,   373.45
2004, 01,   38001, 2004.0410,   373.58,   373.67,     373.72,   373.81,     373.58,   373.67
2004, 02,   38032, 2004.1257,   373.47,   373.85,     373.59,   373.97,     373.47,   373.85
2004, 03,   38061, 2004.2049,   373.85,   374.38,     373.58,   374.11,     373.85,   374.38
2004, 04,   38092, 2004.2896,   373.89,   374.39,     373.77,   374.27,     373.89,   374.39
2004, 05,   38122, 2004.3716,   374.08,   374.47,     374.02,   374.42,     374.08,   374.47
2004, 06,   38153, 2004.4563,   374.48,   374.72,     374.33,   374.57,     374.48,   374.72
2004, 07,   38183, 2004.5383,   374.89,   374.82,     374.78,   374.72,     374.89,   374.82
2004, 08,   38214, 2004.6230,   375.39,   374.98,     375.27,   374.87,     375.39,   374.98
2004, 09,   38245, 2004.7077,   375.53,   374.96,     375.59,   375.02,     375.53,   374.96
2004, 10,   38275, 2004.7896,   375.62,   375.09,     375.71,   375.17,     375.62,   375.09
2004, 11,   38306, 2004.8743,   375.53,   375.17,     375.70,   375.34,     375.53,   375.17
2004, 12,   38336, 2004.9563,   375.28,   375.12,     375.66,   375.50,     375.28,   375.12
2005, 01,   38367, 2005.0411,   375.35,   375.44,     375.59,   375.68,     375.35,   375.44
2005, 02,   38398, 2005.1260,   375.24,   375.62,     375.48,   375.86,     375.24,   375.62
2005, 03,   38426, 2005.2027,   375.60,   376.13,     375.49,   376.02,     375.60,   376.13
2005, 04,   38457, 2005.2877,   375.74,   376.24,     375.71,   376.21,     375.74,   376.24
2005, 05,   38487, 2005.3699,   376.15,   376.55,     376.00,   376.39,     376.15,   376.55
2005, 06,   38518, 2005.4548,   376.46,   376.70,     376.34,   376.58,     376.46,   376.70
2005, 07,   38548, 2005.5370,   -99.99,   -99.99,     376.82,   376.76,     376.82,   376.76
2005, 08,   38579, 2005.6219,   -99.99,   -99.99,     377.34,   376.94,     377.34,   376.94
2005, 09,   38610, 2005.7068,   377.73,   377.16,     377.68,   377.11,     377.73,   377.16
2005, 10,   38640, 2005.7890,   378.00,   377.47,     377.81,   377.28,     378.00,   377.47
2005, 11,   38671, 2005.8740,   377.66,   377.30,     377.82,   377.45,     377.66,   377.30
2005, 12,   38701, 2005.9562,   377.83,   377.67,     377.77,   377.61,     377.83,   377.67
2006, 01,   38732, 2006.0411,   377.82,   377.91,     377.68,   377.76,     377.82,   377.91
2006, 02,   38763, 2006.1260,   377.58,   377.95,     377.54,   377.92,     377.58,   377.95
2006, 03,   38791, 2006.2027,   377.60,   378.13,     377.52,   378.05,     377.60,   378.13
2006, 04,   38822, 2006.2877,   -99.99,   -99.99,     377.70,   378.20,     377.70,   378.20
2006, 05,   38852, 2006.3699,   378.01,   378.40,     377.94,   378.34,     378.01,   378.40
2006, 06,   38883, 2006.4548,   378.35,   378.59,     378.24,   378.48,     378.35,   378.59
2006, 07,   38913, 2006.5370,   378.86,   378.80,     378.68,   378.62,     378.86,   378.80
2006, 08,   38944, 2006.6219,   379.24,   378.83,     379.16,   378.76,     379.24,   378.83
2006, 09,   38975, 2006.7068,   379.24,   378.67,     379.47,   378.90,     379.24,   378.67
2006, 10,   39005, 2006.7890,   379.30,   378.77,     379.58,   379.05,     379.30,   378.77
2006, 11,   39036, 2006.8740,   379.34,   378.97,     379.57,   379.21,     379.34,   378.97
2006, 12,   39066, 2006.9562,   -99.99,   -99.99,     379.53,   379.36,     379.53,   379.36
2007, 01,   39097, 2007.0411,   379.22,   379.31,     379.45,   379.54,     379.22,   379.31
2007, 02,   39128, 2007.1260,   379.28,   379.66,     379.33,   379.71,     379.28,   379.66
2007, 03,   39156, 2007.2027,   379.28,   379.81,     379.34,   379.88,     379.28,   379.81
2007, 04,   39187, 2007.2877,   379.60,   380.10,     379.56,   380.06,     379.60,   380.10
2007, 05,   39217, 2007.3699,   379.92,   380.32,     379.84,   380.24,     379.92,   380.32
2007, 06,   39248, 2007.4548,   380.30,   380.54,     380.19,   380.43,     380.30,   380.54
2007, 07,   39278, 2007.5370,   380.71,   380.65,     380.67,   380.61,     380.71,   380.65
2007, 08,   39309, 2007.6219,   381.20,   380.80,     381.20,   380.80,     381.20,   380.80
2007, 09,   39340, 2007.7068,   381.51,   380.93,     381.55,   380.98,     381.51,   380.93
2007, 10,   39370, 2007.7890,   381.67,   381.13,     381.69,   381.16,     381.67,   381.13
2007, 11,   39401, 2007.8740,   381.61,   381.24,     381.71,   381.34,     381.61,   381.24
2007, 12,   39431, 2007.9562,   381.67,   381.50,     381.67,   381.51,     381.67,   381.50
2008, 01,   39462, 2008.0410,   381.78,   381.87,     381.59,   381.68,     381.78,   381.87
2008, 02,   39493, 2008.1257,   381.52,   381.89,     381.46,   381.84,     381.52,   381.89
2008, 03,   39522, 2008.2049,   381.64,   382.17,     381.45,   381.98,     381.64,   382.17
2008, 04,   39553, 2008.2896,   381.90,   382.40,     381.63,   382.13,     381.90,   382.40
2008, 05,   39583, 2008.3716,   381.81,   382.21,     381.88,   382.27,     381.81,   382.21
2008, 06,   39614, 2008.4563,   382.09,   382.33,     382.17,   382.41,     382.09,   382.33
2008, 07,   39644, 2008.5383,   382.59,   382.52,     382.61,   382.54,     382.59,   382.52
2008, 08,   39675, 2008.6230,   383.06,   382.60,     383.13,   382.67,     383.06,   382.60
2008, 09,   39706, 2008.7077,   383.35,   382.77,     383.38,   382.80,     383.35,   382.77
2008, 10,   39736, 2008.7896,   383.25,   382.79,     383.39,   382.93,     383.25,   382.79
2008, 11,   39767, 2008.8743,   383.35,   383.11,     383.31,   383.07,     383.35,   383.11
2008, 12,   39797, 2008.9563,   383.35,   383.25,     383.30,   383.20,     383.35,   383.25
2009, 01,   39828, 2009.0411,   383.37,   383.47,     383.23,   383.33,     383.37,   383.47
2009, 02,   39859, 2009.1260,   383.06,   383.47,     383.05,   383.46,     383.06,   383.47
2009, 03,   39887, 2009.2027,   383.10,   383.63,     383.04,   383.57,     383.10,   383.63
2009, 04,   39918, 2009.2877,   383.29,   383.76,     383.22,   383.69,     383.29,   383.76
2009, 05,   39948, 2009.3699,   383.38,   383.76,     383.43,   383.80,     383.38,   383.76
2009, 06,   39979, 2009.4548,   383.73,   383.91,     383.75,   383.92,     383.73,   383.91
2009, 07,   40009, 2009.5370,   384.19,   384.03,     384.20,   384.04,     384.19,   384.03
2009, 08,   40040, 2009.6219,   384.53,   384.06,     384.64,   384.17,     384.53,   384.06
2009, 09,   40071, 2009.7068,   384.81,   384.22,     384.89,   384.30,     384.81,   384.22
2009, 10,   40101, 2009.7890,   384.98,   384.50,     384.92,   384.44,     384.98,   384.50
2009, 11,   40132, 2009.8740,   384.96,   384.70,     384.84,   384.58,     384.96,   384.70
2009, 12,   40162, 2009.9562,   384.88,   384.77,     384.84,   384.72,     384.88,   384.77
2010, 01,   40193, 2010.0411,   384.90,   385.00,     384.78,   384.88,     384.90,   385.00
2010, 02,   40224, 2010.1260,   384.49,   384.91,     384.63,   385.04,     384.49,   384.91
2010, 03,   40252, 2010.2027,   384.60,   385.15,     384.66,   385.21,     384.60,   385.15
2010, 04,   40283, 2010.2877,   384.79,   385.26,     384.92,   385.40,     384.79,   385.26
2010, 05,   40313, 2010.3699,   384.99,   385.36,     385.23,   385.60,     384.99,   385.36
2010, 06,   40344, 2010.4548,   385.52,   385.69,     385.65,   385.82,     385.52,   385.69
2010, 07,   40374, 2010.5370,   386.23,   386.07,     386.20,   386.04,     386.23,   386.07
2010, 08,   40405, 2010.6219,   386.82,   386.36,     386.73,   386.27,     386.82,   386.36
2010, 09,   40436, 2010.7068,   387.29,   386.71,     387.07,   386.48,     387.29,   386.71
2010, 10,   40466, 2010.7890,   387.27,   386.79,     387.15,   386.68,     387.27,   386.79
2010, 11,   40497, 2010.8740,   387.14,   386.88,     387.12,   386.86,     387.14,   386.88
2010, 12,   40527, 2010.9562,   387.24,   387.12,     387.13,   387.01,     387.24,   387.12
2011, 01,   40558, 2011.0411,   387.12,   387.22,     387.05,   387.15,     387.12,   387.22
2011, 02,   40589, 2011.1260,   387.23,   387.65,     386.85,   387.28,     387.23,   387.65
2011, 03,   40617, 2011.2027,   386.79,   387.34,     386.82,   387.38,     386.79,   387.34
2011, 04,   40648, 2011.2877,   386.90,   387.39,     387.00,   387.49,     386.90,   387.39
2011, 05,   40678, 2011.3699,   387.01,   387.39,     387.22,   387.59,     387.01,   387.39
2011, 06,   40709, 2011.4548,   387.45,   387.62,     387.54,   387.71,     387.45,   387.62
2011, 07,   40739, 2011.5370,   387.80,   387.64,     387.99,   387.84,     387.80,   387.64
2011, 08,   40770, 2011.6219,   388.38,   387.91,     388.45,   387.98,     388.38,   387.91
2011, 09,   40801, 2011.7068,   388.68,   388.08,     388.73,   388.13,     388.68,   388.08
2011, 10,   40831, 2011.7890,   388.97,   388.48,     388.77,   388.29,     388.97,   388.48
2011, 11,   40862, 2011.8740,   388.83,   388.57,     388.72,   388.46,     388.83,   388.57
2011, 12,   40892, 2011.9562,   388.60,   388.48,     388.74,   388.62,     388.60,   388.48
2012, 01,   40923, 2012.0410,   388.86,   388.96,     388.69,   388.79,     388.86,   388.96
2012, 02,   40954, 2012.1257,   388.35,   388.79,     388.54,   388.98,     388.35,   388.79
2012, 03,   40983, 2012.2049,   388.71,   389.28,     388.59,   389.15,     388.71,   389.28
2012, 04,   41014, 2012.2896,   388.76,   389.25,     388.86,   389.35,     388.76,   389.25
2012, 05,   41044, 2012.3716,   389.15,   389.53,     389.17,   389.55,     389.15,   389.53
2012, 06,   41075, 2012.4563,   389.43,   389.60,     389.60,   389.77,     389.43,   389.60
2012, 07,   41105, 2012.5383,   390.18,   390.02,     390.16,   389.99,     390.18,   390.02
2012, 08,   41136, 2012.6230,   390.90,   390.42,     390.71,   390.23,     390.90,   390.42
2012, 09,   41167, 2012.7077,   391.08,   390.48,     391.08,   390.47,     391.08,   390.48
2012, 10,   41197, 2012.7896,   391.25,   390.76,     391.20,   390.71,     391.25,   390.76
2012, 11,   41228, 2012.8743,   391.12,   390.85,     391.23,   390.96,     391.12,   390.85
2012, 12,   41258, 2012.9563,   391.37,   391.25,     391.33,   391.21,     391.37,   391.25
2013, 01,   41289, 2013.0411,   391.19,   391.29,     391.37,   391.48,     391.19,   391.29
2013, 02,   41320, 2013.1260,   391.26,   391.70,     391.31,   391.75,     391.26,   391.70
2013, 03,   41348, 2013.2027,   391.32,   391.89,     391.43,   392.01,     391.32,   391.89
2013, 04,   41379, 2013.2877,   391.72,   392.22,     391.79,   392.29,     391.72,   392.22
2013, 05,   41409, 2013.3699,   392.34,   392.72,     392.16,   392.55,     392.34,   392.72
2013, 06,   41440, 2013.4548,   392.83,   393.01,     392.63,   392.81,     392.83,   393.01
2013, 07,   41470, 2013.5370,   393.38,   393.21,     393.21,   393.05,     393.38,   393.21
2013, 08,   41501, 2013.6219,   393.92,   393.44,     393.76,   393.27,     393.92,   393.44
2013, 09,   41532, 2013.7068,   394.09,   393.47,     394.10,   393.49,     394.09,   393.47
2013, 10,   41562, 2013.7890,   394.03,   393.53,     394.18,   393.68,     394.03,   393.53
2013, 11,   41593, 2013.8740,   394.04,   393.76,     394.14,   393.87,     394.04,   393.76
2013, 12,   41623, 2013.9562,   394.19,   394.07,     394.16,   394.04,     394.19,   394.07
2014, 01,   41654, 2014.0411,   394.16,   394.27,     394.10,   394.21,     394.16,   394.27
2014, 02,   41685, 2014.1260,   394.00,   394.45,     393.92,   394.37,     394.00,   394.45
2014, 03,   41713, 2014.2027,   393.98,   394.56,     393.92,   394.50,     393.98,   394.56
2014, 04,   41744, 2014.2877,   394.16,   394.67,     394.14,   394.65,     394.16,   394.67
2014, 05,   41774, 2014.3699,   394.43,   394.83,     394.39,   394.79,     394.43,   394.83
2014, 06,   41805, 2014.4548,   394.66,   394.85,     394.75,   394.94,     394.66,   394.85
2014, 07,   41835, 2014.5370,   395.16,   395.00,     395.25,   395.08,     395.16,   395.00
2014, 08,   41866, 2014.6219,   395.66,   395.17,     395.74,   395.24,     395.66,   395.17
2014, 09,   41897, 2014.7068,   395.97,   395.34,     396.04,   395.41,     395.97,   395.34
2014, 10,   41927, 2014.7890,   396.06,   395.56,     396.10,   395.59,     396.06,   395.56
2014, 11,   41958, 2014.8740,   396.03,   395.75,     396.05,   395.78,     396.03,   395.75
2014, 12,   41988, 2014.9562,   396.10,   395.98,     396.09,   395.97,     396.10,   395.98
2015, 01,   42019, 2015.0411,   396.16,   396.27,     396.07,   396.18,     396.16,   396.27
2015, 02,   42050, 2015.1260,   395.94,   396.40,     395.94,   396.39,     395.94,   396.40
2015, 03,   42078, 2015.2027,   395.86,   396.45,     395.99,   396.59,     395.86,   396.45
2015, 04,   42109, 2015.2877,   396.31,   396.83,     396.30,   396.81,     396.31,   396.83
2015, 05,   42139, 2015.3699,   396.87,   397.27,     396.63,   397.04,     396.87,   397.27
2015, 06,   42170, 2015.4548,   397.16,   397.34,     397.08,   397.27,     397.16,   397.34
2015, 07,   42200, 2015.5370,   398.06,   397.89,     397.66,   397.50,     398.06,   397.89
2015, 08,   42231, 2015.6219,   398.15,   397.65,     398.24,   397.74,     398.15,   397.65
2015, 09,   42262, 2015.7068,   398.64,   398.00,     398.62,   397.99,     398.64,   398.00
2015, 10,   42292, 2015.7890,   398.60,   398.08,     398.75,   398.24,     398.60,   398.08
2015, 11,   42323, 2015.8740,   398.75,   398.47,     398.79,   398.51,     398.75,   398.47
2015, 12,   42353, 2015.9562,   398.73,   398.61,     398.92,   398.79,     398.73,   398.61
2016, 01,   42384, 2016.0410,   398.76,   398.87,     398.98,   399.09,     398.76,   398.87
2016, 02,   42415, 2016.1257,   398.79,   399.25,     398.94,   399.40,     398.79,   399.25
2016, 03,   42444, 2016.2049,   399.33,   399.94,     399.09,   399.69,     399.33,   399.94
2016, 04,   42475, 2016.2896,   399.21,   399.73,     399.48,   400.00,     399.21,   399.73
2016, 05,   42505, 2016.3716,   400.24,   400.64,     399.88,   400.28,     400.24,   400.64
2016, 06,   42536, 2016.4563,   -99.99,   -99.99,     400.37,   400.55,     400.37,   400.55
2016, 07,   42566, 2016.5383,   401.12,   400.95,     400.96,   400.78,     401.12,   400.95
2016, 08,   42597, 2016.6230,   401.62,   401.11,     401.50,   400.99,     401.62,   401.11
2016, 09,   42628, 2016.7077,   401.93,   401.28,     401.82,   401.17,     401.93,   401.28
2016, 10,   42658, 2016.7896,   402.01,   401.49,     401.85,   401.32,     402.01,   401.49
2016, 11,   42689, 2016.8743,   401.72,   401.44,     401.75,   401.46,     401.72,   401.44
2016, 12,   42719, 2016.9563,   401.55,   401.42,     401.71,   401.58,     401.55,   401.42
2017, 01,   42750, 2017.0411,   -99.99,   -99.99,     401.60,   401.71,     401.60,   401.71
2017, 02,   42781, 2017.1260,   401.54,   402.01,     401.36,   401.83,     401.54,   402.01
2017, 03,   42809, 2017.2027,   401.34,   401.95,     401.33,   401.94,     401.34,   401.95
2017, 04,   42840, 2017.2877,   401.31,   401.85,     401.55,   402.08,     401.31,   401.85
2017, 05,   42870, 2017.3699,   401.75,   402.17,     401.82,   402.23,     401.75,   402.17
2017, 06,   42901, 2017.4548,   402.14,   402.34,     402.21,   402.40,     402.14,   402.34
2017, 07,   42931, 2017.5370,   402.59,   402.42,     402.76,   402.59,     402.59,   402.42
2017, 08,   42962, 2017.6219,   403.23,   402.71,     403.31,   402.80,     403.23,   402.71
2017, 09,   42993, 2017.7068,   403.63,   402.97,     403.68,   403.02,     403.63,   402.97
2017, 10,   43023, 2017.7890,   403.70,   403.17,     403.79,   403.26,     403.70,   403.17
2017, 11,   43054, 2017.8740,   -99.99,   -99.99,     403.80,   403.51,     403.80,   403.51
2017, 12,   43084, 2017.9562,   403.85,   403.72,     403.88,   403.75,     403.85,   403.72
2018, 01,   43115, 2018.0411,   403.93,   404.05,     403.90,   404.01,     403.93,   404.05
2018, 02,   43146, 2018.1260,   403.90,   404.37,     403.79,   404.26,     403.90,   404.37
2018, 03,   43174, 2018.2027,   404.17,   404.79,     403.86,   404.48,     404.17,   404.79
2018, 04,   43205, 2018.2877,   404.34,   404.88,     404.16,   404.71,     404.34,   404.88
2018, 05,   43235, 2018.3699,   404.48,   404.90,     404.49,   404.91,     404.48,   404.90
2018, 06,   43266, 2018.4548,   405.00,   405.19,     404.92,   405.11,     405.00,   405.19
2018, 07,   43296, 2018.5370,   405.27,   405.10,     405.47,   405.30,     405.27,   405.10
2018, 08,   43327, 2018.6219,   405.93,   405.41,     406.00,   405.48,     405.93,   405.41
2018, 09,   43358, 2018.7068,   406.33,   405.66,     406.32,   405.65,     406.33,   405.66
2018, 10,   43388, 2018.7890,   406.46,   405.92,     406.35,   405.81,     406.46,   405.92
2018, 11,   43419, 2018.8740,   406.34,   406.04,     406.26,   405.97,     406.34,   406.04
2018, 12,   43449, 2018.9562,   406.24,   406.11,     406.25,   406.12,     406.24,   406.11
2019, 01,   43480, 2019.0411,   405.97,   406.09,     406.15,   406.26,     405.97,   406.09
2019, 02,   43511, 2019.1260,   -99.99,   -99.99,     405.93,   406.41,     405.93,   406.41
2019, 03,   43539, 2019.2027,   -99.99,   -99.99,     405.92,   406.55,     405.92,   406.55
2019, 04,   43570, 2019.2877,   -99.99,   -99.99,     406.14,   406.70,     406.14,   406.70
2019, 05,   43600, 2019.3699,   -99.99,   -99.99,     406.41,   406.84,     406.41,   406.84
2019, 06,   43631, 2019.4548,   -99.99,   -99.99,     406.79,   406.99,     406.79,   406.99
2019, 07,   43661, 2019.5370,   -99.99,   -99.99,     407.31,   407.13,     407.31,   407.13
2019, 08,   43692, 2019.6219,   -99.99,   -99.99,     407.81,   407.28,     407.81,   407.28
2019, 09,   43723, 2019.7068,   -99.99,   -99.99,     408.11,   407.43,     408.11,   407.43
2019, 10,   43753, 2019.7890,   -99.99,   -99.99,     408.12,   407.57,     408.12,   407.57
2019, 11,   43784, 2019.8740,   -99.99,   -99.99,     408.02,   407.72,     408.02,   407.72
2019, 12,   43814, 2019.9562,   -99.99,   -99.99,     408.00,   407.86,     408.00,   407.86
